USE BUDT703_Project_0507_01

DROP TABLE IF EXISTS [CurveballConsultants.Match]
DROP TABLE IF EXISTS [CurveBallConsultants.Location]
DROP TABLE IF EXISTS [CurveBallConsultants.Tournament]
DROP TABLE IF EXISTS [CurveBallConsultants.Opponent]

-- Opponent CREATE --
CREATE TABLE [CurveBallConsultants.Opponent] (
	oppId CHAR (3) NOT NULL,
	oppName VARCHAR (40),
	CONSTRAINT pk_Opponent_oppId PRIMARY KEY (oppId)
)

-- Tournament CREATE --
CREATE TABLE [CurveBallConsultants.Tournament] (
	trnId CHAR(3) NOT NULL,
	trnName CHAR (50),
	CONSTRAINT pk_Tournament_trnId PRIMARY KEY (trnId)
)

-- Location CREATE --
CREATE TABLE [CurveBallConsultants.Location] (
	locId CHAR(3) NOT NULL,
	locCity CHAR(50),
	locState VARCHAR (20),
	CONSTRAINT pk_Location_locId PRIMARY KEY (locId)
)

-- Match CREATE --
CREATE TABLE [CurveBallConsultants.Match] (
	oppId CHAR(3) NOT NULL,
    locId CHAR(3) NOT NULL,
	trnId CHAR(3),
    mchDate DATE NOT NULL,
    mchTime TIME NOT NULL,
	mchType VARCHAR (7),
    runTerps INT,
    runOpponent INT,
    winLoss AS (
        CASE  
            WHEN runTerps - runOpponent > 0 THEN 'W'
            WHEN runTerps - runOpponent < 0 THEN 'L'
            ELSE 'D'
        END
    ),
	ssnYear CHAR(4),
	CONSTRAINT pk_Match_oppId_locId_mchDate_mchTime PRIMARY KEY (oppId, locId, mchDate, mchTime),
	CONSTRAINT fk_Match_oppId FOREIGN KEY (oppId)
		REFERENCES [CurveballConsultants.Opponent] (oppId)
		ON DELETE NO ACTION ON UPDATE CASCADE,
	CONSTRAINT fk_Match_locId FOREIGN KEY (locId)
		REFERENCES [CurveballConsultants.Location] (locId)
		ON DELETE NO ACTION ON UPDATE CASCADE,
	CONSTRAINT fk_Match_trnId FOREIGN KEY (trnId)
		REFERENCES [CurveBallConsultants.Tournament] (trnId)
		ON DELETE NO ACTION ON UPDATE CASCADE
);

-- Opponent INSERT --
INSERT INTO [CurveBallConsultants.Opponent] (oppId, oppName) VALUES
('001', 'North Carolina'),
('002', 'George Mason'),
('003', 'Goldey-Beacom'),
('004', 'Bowie St'),
('005', 'UNC Wilmington'),
('006', 'Cornell'),
('007', 'Winthrop'),
('008', 'Wright St'),
('009', 'Charleston'),
('010', 'Saint Francis'),
('011', 'Georgia Tech'),
('012', 'Troy'),
('013', 'Georgia St'),
('014', 'Toledo'),
('015', 'UT Martin'),
('016', 'Mount St. Marys'),
('017', 'UMES'),
('018', 'Anne Arundel CC'),
('019', 'Coppin St'),
('020', 'Morgan St'),
('021', 'UMBC'),
('022', 'Trenton St (TCNJ)'),
('023', 'Virginia'),
('024', 'Minnesota'),
('025', 'EaStrn Michigan'),
('026', 'Marshall'),
('027', 'La Salle'),
('028', 'UIC'),
('029', 'Charleston Southern'),
('030', 'Mount Olive'),
('031', 'Radford'),
('032', 'Barton'),
('033', 'Princeton'),
('034', 'UNC Charlotte'),
('035', 'Kent St'),
('036', 'Chattanooga'),
('037', 'Coastal Carolina'),
('038', 'Akron'),
('039', 'Tennessee'),
('040', 'Mercer'),
('041', 'Georgia Southern'),
('042', 'South Florida'),
('043', 'Florida St'),
('044', 'Campbell'),
('045', 'Florida Atlantic'),
('046', 'South Carolina'),
('047', 'Long Island'),
('048', 'Temple'),
('049', 'Robert Morris'),
('050', 'East Carolina'),
('051', 'Drexel'),
('052', 'Delaware'),
('053', 'Virginia Tech'),
('054', 'Florida A&M'),
('055', 'Southwest Louisiana'),
('056', 'Southwest Missouri (Missouri St)'),
('057', 'Liberty'),
('058', 'Bucknell University'),
('059', 'Towson'),
('060', 'Fairfield'),
('061', 'Harvard'),
('062', 'Miami (OH)'),
('063', 'Georgia'),
('064', 'Rhode Island'),
('065', 'Bucknell'),
('066', 'EaStrn Illinois'),
('067', 'Iona'),
('068', 'Furman'),
('069', 'Youngstown St'),
('070', 'Evansville'),
('071', 'NorthweStrn'),
('072', 'Nebraska'),
('073', 'Alabama'),
('074', 'Utah'),
('075', 'Ohio'),
('076', 'Ohio St'),
('077', 'Hofstra'),
('078', 'Charlotte'),
('079', 'Arizona'),
('080', 'Boston'),
('081', 'Connecticut'),
('082', 'Purdue'),
('083', 'Illinois-Chicago'),
('084', 'Bethune Cookman'),
('085', 'Northern Iowa'),
('086', 'Kansas'),
('087', 'SW Missouri St'),
('088', 'Penn St'),
('089', 'Notre Dame'),
('090', 'Washington'),
('091', 'Oklahoma St'),
('092', 'Monmouth Ill'),
('093', 'Troy St'),
('094', 'Syracuse'),
('095', 'Samford'),
('096', 'Seton Hall'),
('097', 'Michigan St'),
('098', 'BYU'),
('099', 'Houston'),
('100', 'Elon'),
('101', 'WeStrn Kentucky'),
('102', 'Brown'),
('103', 'Siena'),
('104', 'St Josephs Pa'),
('105', 'Boston College'),
('106', 'Indiana'),
('107', 'Tenn Chattanooga'),
('108', 'WeStrn Ky'),
('109', 'Tennessee Tech'),
('110', 'James Madison'),
('111', 'George Washington'),
('112', 'Maryland-EaStrn Shore'),
('113', 'Tulsa'),
('114', 'Florida International'),
('115', 'Stony Brook'),
('116', 'Ball St'),
('117', 'UNC-Wilmington'),
('118', 'Michigan'),
('119', 'Saint Louis'),
('120', 'Rutgers'),
('121', 'Pittsburgh'),
('122', 'Columbia'),
('123', 'Delaware St'),
('124', 'St Josephs'),
('125', 'North Carolina St'),
('126', 'St Francis Pa'),
('127', 'Villanova'),
('128', 'NC St'),
('129', 'Missouri'),
('130', 'UNC Greensboro'),
('131', 'Oakland'),
('132', 'Southern Illinois'),
('133', 'Binghamton'),
('134', 'Maryland Eastern Shore'),
('135', 'Louisville'),
('136', 'Texas Tech'),
('137', 'Cal Poly'),
('138', 'Stanford'),
('139', 'Cal St Fullerton'),
('140', 'Western Michigan'),
('141', 'Norfolk St'),
('142', 'St. Johns'),
('143', 'Nevada'),
('144', 'Texas'),
('145', 'UCLA'),
('146', 'Loyola Marymount'),
('147', 'Cal'),
('148', 'UNLV'),
('149', 'Central Michigan'),
('150', 'New Mexico St'),
('151', 'Auburn'),
('152', 'Central Connecticut St'),
('153', 'Georgetown'),
('154', 'Massachusetts'),
('155', 'North Florida'),
('156', 'Vermont'),
('157', 'USA Softball'),
('158', 'UCF'),
('159', 'Fordham'),
('160', 'St Peters'),
('161', 'Lehigh'),
('162', 'Valparaiso'),
('163', 'Niagara'),
('164', 'UC Santa Barbara'),
('165', 'Hawaii'),
('166', 'Fresno St'),
('167', 'California'),
('168', 'Centenary College'),
('169', 'Stetson'),
('170', 'Kentucky'),
('171', 'Dartmouth'),
('172', 'Manhattan'),
('173', 'Gardner-Webb'),
('174', 'Howard'),
('175', 'Northwestern'),
('176', 'Mississippi'),
('177', 'Iowa'),
('178', 'Mississippi St'),
('179', 'Florida Gulf Coast'),
('180', 'HOFSTRA'),
('181', 'Longwood'),
('182', 'Illinois St'),
('183', 'Lipscomb'),
('184', 'Jacksonville'),
('185', 'Illinois'),
('186', 'Colorado St'),
('187', 'Saint Josephs'),
('188', 'Quinnipiac'),
('189', 'Hampton'),
('190', 'Wisconsin'),
('191', 'UAB'),
('192', 'Bryant University'),
('193', 'Canisius'),
('194', 'Boston University'),
('195', 'LIU Brooklyn'),
('196', 'Oregon St'),
('197', 'DePaul'),
('198', 'LIU'),
('199', 'Long Beach St'),
('200', 'Nebraska-Omaha'),
('201', 'Oregon'),
('202', 'Florida'),
('203', 'Lafayette'),
('204', 'Providence'),
('205', 'St Francis'),
('206', 'Boise St'),
('207', 'San Diego'),
('208', 'Utah St'),
('209', 'Miami OH'),
('210', 'Monmouth'),
('211', 'Brigham Young'),
('212', 'Oklahoma'),
('213', 'North Dakota St'),
('214', 'Saint Francis (PA)'),
('215', 'FIU'),
('216', 'Northwestern St'),
('217', 'Drake'),
('218', 'Bowling Green'),
('219', 'Bradley'),
('220', 'Louisiana-Lafayette'),
('221', 'Butler'),
('222', 'Stephen F Austin'),
('223', 'UC Riverside'),
('224', 'Weber St'),
('225', 'Buffalo'),
('226', 'Middle Tennessee'),
('227', 'Iowa St'),
('228', 'IUPUI'),
('229', 'Eastern Illinois'),
('230', 'Yale'),
('231', 'Cleveland St'),
('232', 'North Dakota'),
('233', 'Murray St'),
('234', 'Nicholls St'),
('235', 'UL-Monroe'),
('236', 'Portland St'),
('237', 'UT-Martin'),
('238', 'Bethune-Cookman'),
('239', 'Bryant'),
('240', 'Wichita St'),
('241', 'Lamar'),
('242', 'Texas A&M-Corpus Christi'),
('243', 'Clemson'),
('244', 'Southern Utah'),
('245', 'Arizona St'),
('246', 'Florida International University'),
('247', 'FAU'),
('248', 'North Carolina A&T'),
('249', 'Arkansas'),
('250', 'Army'),
('251', 'North Dakota St University')
;

-- Tournament INSERT --
INSERT INTO [CurveBallConsultants.Tournament] (trnId, trnName) VALUES
('001', 'Winthrop Tournament'),
('002', 'Buzz Classic'),
('003', 'ACC Tournament'),
('004', 'Triangle Classic'),
('005', 'UNC Wilmington Tournament'),
('006', 'Tar Heel Invitational'),
('007', 'ECAC Championships'),
('008', 'East Carolina Tournament'),
('009', 'Terrapin Invitational'),
('010', 'Louisville Slugger Tournament'),
('011', 'Arizona State Coca-Cola Classic'),
('012', 'NCAA Regional'),
('013', 'Triangle Classic Tournament'),
('014', 'Speedline Invitational Tournament'),
('015', 'Lady Seminole Invitational'),
('016', 'USF-Holiday Inn Tournament'),
('017', 'Florida Atlantic Invitational'),
('018', 'Speedline Invitational'),
('019', 'ACC/SASA Game'),
('020', 'ACC Tournaments'),
('021', 'Bama Bash'),
('022', 'Seminole Classic'),
('023', 'George Mason Spring Clash'),
('024', 'UNC Tournament'),
('025', 'Univ of Georgia Tournament'),
('026', 'USF-Best Western Tournament'),
('027', 'Maryland Invitational'),
('028', 'USF Best Western-All Suites Hotels Tournament'),
('029', 'Golden Panthers adidas Tournament'),
('030', 'Georgia Softball Classic'),
('031', 'FSU Invitational'),
('032', 'Crimson Classic'),
('033', 'Red and Black Challenge'),
('034', 'Florida State Invitational'),
('035', 'Doubleheader')
;

-- Location INSERT --
INSERT INTO [CurveBallConsultants.Location] (locId, locCity, locState) VALUES
('001', 'Chapel Hill', 'NC'),
('002', 'College Park', 'MD'),
('003', 'Rock Hill', 'SC'),
('004', 'Atlanta', 'GA'),
('005', 'Marietta', 'GA'),
('006', 'Emmitsburg', 'MD'),
('007', 'Arnold', 'MD'),
('008', 'Baltimore', 'MD'),
('009', 'Ewing', 'NJ'),
('010', 'Tallahassee', 'FL'),
('011', 'Fairfax', 'VA'),
('012', 'Princess Anne', 'MD'),
('013', 'Raleigh', 'NC'),
('014', 'Wilmington', 'NC'),
('015', 'Charlotte', 'NC'),
('016', 'Loretto', 'PA'),
('017', 'Philadelphia', 'PA'),
('018', 'Tampa', 'FL'),
('019', 'Macon', 'GA'),
('020', 'Charlottesville', 'VA'),
('021', 'Fairfield', 'CT'),
('022', 'Greenville', 'SC'),
('023', 'Towson', 'MD'),
('024', 'Brooklyn', 'NY'),
('025', 'Princeton', 'NJ'),
('026', 'South Florida', 'FL'),
('027', 'Arizona State', 'AZ'),
('028', 'Phoenix', 'AZ'),
('029', 'North Carolina', 'NC'),
('030', 'Florida State', 'FL'),
('031', 'Georgia Tech', 'GA'),
('032', 'UMBC', 'MD'),
('033', 'Virginia', 'VA'),
('034', 'Tucson', 'AZ'),
('035', 'Greenville', 'NC'),
('036', 'Boca Raton', 'FL'),
('037', 'Tuscaloosa', 'AL'),
('038', 'Plant City', 'FL'),
('039', 'Newark', 'DE'),
('040', 'Athens', 'GA'),
('041', 'Miami', 'FL'),
('042', 'Harrisonburg', 'VA'),
('043', 'Blacksburg', 'VA'),
('044', 'Villanova', 'Pa'),
('045', 'Statesboro', 'GA'),
('046', 'Palm Springs', 'CA'),
('047', 'Tallahassee', 'Fla'),
('048', 'Virginia Beach', 'VA'),
('049', 'Boston', 'MA'),
('050', 'Chestnut Hill', 'MA'),
('051', 'Washington', 'DC'),
('052', 'Colelge Park', 'MD'),
('053', 'Myrtle Beach', 'SC'),
('054', 'Orlando', 'FL'),
('055', 'University Park', 'PA'),
('056', 'Deland', 'FL'),
('057', 'Columbus', 'GA'),
('058', 'Kissimmee', 'FL'),
('059', 'Blacksburg', 'Va'),
('060', 'Clearwater', 'FL'),
('061', 'Ft Myers', 'FL'),
('062', 'Seattle', 'WA'),
('063', 'South Bend', 'IN'),
('064', 'Iowa City', 'IA'),
('065', 'Bloomington', 'IN'),
('066', 'Piscataway', 'NJ'),
('067', 'East Lansing', 'MI'),
('068', 'Columbus', 'OH'),
('069', 'Tempe', 'AZ'),
('070', 'Nats Youth Academy (Washington DC)', 'DC'),
('071', 'GW Softball Field (Washington DC)', 'DC'),
('072', 'Norman', 'OK'),
('073', 'Maryland Softball Stadium', ''),
('074', 'Ann Arbor', 'MI'),
('075', 'Minneapolis', 'MN'),
('076', 'Austin', 'TX'),
('077', 'Gainesville', 'FL'),
('078', 'Lafayette', 'LA'),
('079', 'Columbia', 'MO'),
('080', 'Riverside', 'CA'),
('081', 'Evanston', 'IL'),
('082', 'New Brunswick', 'NJ'),
('083', 'Los Angeles', 'CA'),
('084', 'Auburn', 'AL'),
('085', 'Louisville', 'KY'),
('086', 'Honolulu', 'HI'),
('087', 'State College', 'PA'),
('088', 'Champaign', 'IL'),
('089', 'Madison', 'WI'),
('090', 'Troy', 'AL'),
('091', 'Houston', 'TX'),
('092', 'DeLand', 'FL'),
('093', 'Lincoln', 'NE'),
('094', 'Clemson', 'SC'),
('095', 'Leesburg', 'FL'),
('096', 'West Lafayette', 'IN')
;

-- Match INSERT --
INSERT INTO [CurveBallConsultants.Match] (oppId, locId, trnId, mchDate, mchTime, mchType, runTerps, runOpponent, ssnYear) VALUES
('001', '001', '028', '1999-02-05', '12:00:00', 'Home', 2, 3, '1999'),
('002', '002', '001', '1999-02-05', '15:00:00', 'Away', 6, 5, '1999'),
('003', '001', '028', '1999-02-06', '18:00:00', 'Home', 2, 6, '1999'),
('001', '002', '001', '1999-02-06', '12:45:00', 'Away', 3, 2, '1999'),
('004', '003', '028', '1999-02-12', '13:00:00', 'Home', 1, 3, '1999'),
('005', '003', '028', '1999-02-13', '9:00:00', 'Home', 3, 2, '1999'),
('006', '004', '002', '1999-02-14', '10:00:00', 'Home', 5, 1, '1999'),
('002', '003', '028', '1999-02-14', '12:00:00', 'Home', 9, 4, '1999'),
('007', '005', '028', '1999-02-19', '10:00:00', 'Home', 4, 3, '1999'),
('008', '005', '028', '1999-02-20', '11:00:00', 'Home', 3, 1, '1999'),
('009', '001', '028', '1999-03-04', '18:00:00', 'Home', 1, 2, '1999'),
('010', '001', '028', '1999-03-05', '18:00:00', 'Home', 1, 3, '1999'),
('005', '001', '028', '1999-03-06', '12:00:00', 'Home', 3, 7, '1999'),
('001', '006', '028', '1999-03-13', '12:00:00', 'Home', 10, 1, '1999'),
('011', '007', '028', '1999-03-20', '13:00:00', 'Home', 7, 1, '1999'),
('012', '006', '028', '1999-03-24', '17:30:00', 'Away', 5, 3, '1999'),
('013', '008', '028', '1999-03-26', '15:00:00', 'Home', 7, 2, '1999'),
('014', '009', '003', '1999-03-26', '20:00:00', 'Home', 11, 3, '1999'),
('015', '010', '028', '1999-03-31', '17:30:00', 'Home', 6, 2, '1999'),
('016', '007', '028', '1999-04-03', '16:00:00', 'Home', 5, 2, '1999'),
('017', '007', '028', '1999-04-07', '15:00:00', 'Home', 3, 2, '1999'),
('017', '007', '028', '1999-04-07', '18:00:00', 'Home', 9, 3, '1999'),
('018', '007', '028', '1999-04-09', '16:00:00', 'Home', 2, 1, '1999'),
('019', '007', '028', '1999-04-16', '15:00:00', 'Home', 2, 1, '1999'),
('020', '007', '028', '1999-04-18', '13:30:00', 'Home', 9, 3, '1999'),
('020', '007', '028', '1999-04-18', '15:30:00', 'Home', 5, 4, '1999'),
('021', '036', '028', '1999-04-24', '13:00:00', 'Away', 2, 5, '1999'),
('022', '001', '028', '1999-05-02', '13:00:00', 'Away', 2, 1, '1999'),
('022', '001', '028', '1999-05-02', '16:00:00', 'Away', 5, 3, '1999'),
('023', '007', '028', '1999-05-08', '12:00:00', 'Home', 3, 2, '1999'),
('023', '007', '028', '1999-05-08', '15:00:00', 'Home', 4, 3, '1999'),
('024', '012', '004', '1999-05-22', '14:30:00', 'Away', 7, 3, '1999'),
('025', '013', '005', '2000-02-18', '12:00:00', 'Away', 5, 0, '2000'),
('026', '013', '005', '2000-02-18', '14:00:00', 'Away', 7, 1, '2000'),
('013', '013', '005', '2000-02-19', '10:00:00', 'Away', 6, 1, '2000'),
('007', '013', '005', '2000-02-19', '14:00:00', 'Away', 5, 4, '2000'),
('009', '013', '005', '2000-02-20', '12:00:00', 'Away', 2, 3, '2000'),
('023', '007', '006', '2000-03-04', '13:00:00', 'Home', 6, 5, '2000'),
('027', '007', '006', '2000-03-04', '15:00:00', 'Home', 7, 2, '2000'),
('027', '007', '006', '2000-03-05', '11:00:00', 'Home', 6, 3, '2000'),
('028', '007', '006', '2000-03-05', '15:00:00', 'Home', 8, 3, '2000'),
('017', '002', '007', '2000-03-09', '15:00:00', 'Away', 6, 5, '2000'),
('029', '002', '007', '2000-03-10', '10:00:00', 'Away', 2, 0, '2000'),
('030', '002', '007', '2000-03-10', '12:00:00', 'Away', 4, 3, '2000'),
('027', '002', '007', '2000-03-11', '10:00:00', 'Away', 2, 0, '2000'),
('031', '035', '008', '2000-03-17', '10:00:00', 'Away', 7, 3, '2000'),
('032', '035', '008', '2000-03-17', '12:00:00', 'Away', 7, 1, '2000'),
('033', '035', '008', '2000-03-17', '18:00:00', 'Away', 10, 2, '2000'),
('034', '035', '008', '2000-03-18', '12:45:00', 'Away', 7, 6, '2000'),
('035', '035', '008', '2000-03-18', '12:45:00', 'Away', 6, 5, '2000'),
('018', '009', '028', '2000-03-21', '14:00:00', 'Away', 7, 3, '2000'),
('018', '009', '028', '2000-03-21', '16:00:00', 'Away', 9, 5, '2000'),
('036', '015', '003', '2000-03-24', '11:00:00', 'Away', 6, 3, '2000'),
('037', '015', '003', '2000-03-24', '15:00:00', 'Away', 4, 5, '2000'),
('038', '015', '003', '2000-03-25', '12:30:00', 'Away', 8, 3, '2000'),
('039', '015', '003', '2000-03-25', '20:00:00', 'Away', 6, 3, '2000'),
('037', '015', '003', '2000-03-26', '12:45:00', 'Away', 4, 2, '2000'),
('040', '007', '028', '2000-03-30', '14:30:00', 'Home', 8, 1, '2000'),
('040', '007', '028', '2000-03-30', '16:30:00', 'Home', 15, 1, '2000'),
('041', '007', '028', '2000-04-01', '13:00:00', 'Home', 5, 0, '2000'),
('041', '007', '028', '2000-04-01', '15:00:00', 'Home', 6, 1, '2000'),
('011', '016', '028', '2000-04-07', '18:00:00', 'Away', 4, 1, '2000'),
('011', '016', '028', '2000-04-07', '20:00:00', 'Away', 5, 1, '2000'),
('016', '007', '028', '2000-04-12', '15:30:00', 'Home', 4, 2, '2000'),
('016', '007', '028', '2000-04-12', '17:30:00', 'Home', 4, 1, '2000'),
('020', '017', '028', '2000-04-14', '15:00:00', 'Home', 2, 3, '2000'),
('042', '018', '028', '2000-04-16', '13:00:00', 'Away', 3, 4, '2000'),
('021', '007', '028', '2000-04-22', '13:00:00', 'Home', 5, 3, '2000'),
('012', '035', '014', '2000-04-29', '12:35:00', 'Away', 2, 6, '2000'),
('018', '035', '014', '2000-04-30', '13:00:00', 'Away', 2, 1, '2000'),
('020', '035', '014', '2000-04-30', '17:00:00', 'Away', 4, 3, '2000'),
('012', '007', '028', '2000-05-04', '15:00:00', 'Home', 3, 10, '2000'),
('012', '007', '028', '2000-05-04', '17:00:00', 'Home', 2, 3, '2000'),
('023', '019', '028', '2000-05-06', '16:00:00', 'Away', 4, 5, '2000'),
('043', '002', '010', '2001-02-16', '11:00:00', 'Away', 1, 4, '2001'),
('044', '002', '010', '2001-02-16', '13:00:00', 'Away', 5, 10, '2001'),
('017', '002', '010', '2001-02-17', '18:00:00', 'Away', 2, 1, '2001'),
('010', '002', '010', '2001-02-17', '20:00:00', 'Away', 4, 3, '2001'),
('022', '002', '010', '2001-02-18', '14:00:00', 'Away', 2, 4, '2001'),
('039', '020', '011', '2001-02-23', '13:00:00', 'Away', 5, 1, '2001'),
('012', '020', '011', '2001-02-24', '13:00:00', 'Away', 3, 5, '2001'),
('039', '020', '011', '2001-02-25', '8:00:00', 'Away', 4, 3, '2001'),
('001', '020', '011', '2001-02-25', '10:00:00', 'Away', 1, 4, '2001'),
('016', '007', '006', '2001-03-02', '15:00:00', 'Home', 8, 1, '2001'),
('009', '002', '012', '2001-03-08', '17:00:00', 'Away', 0, 1, '2001'),
('039', '002', '012', '2001-03-09', '14:00:00', 'Away', 4, 1, '2001'),
('045', '002', '012', '2001-03-10', '12:00:00', 'Away', 3, 1, '2001'),
('046', '007', '028', '2001-03-14', '14:30:00', 'Home', 1, 3, '2001'),
('046', '007', '028', '2001-03-14', '16:30:00', 'Home', 2, 1, '2001'),
('047', '035', '008', '2001-03-16', '12:00:00', 'Away', 5, 4, '2001'),
('048', '035', '008', '2001-03-17', '17:30:00', 'Away', 5, 3, '2001'),
('049', '007', '028', '2001-03-20', '3:00:00', 'Home', 3, 2, '2001'),
('047', '015', '003', '2001-03-23', '13:00:00', 'Away', 8, 1, '2001'),
('027', '015', '003', '2001-03-24', '17:00:00', 'Away', 6, 2, '2001'),
('040', '021', '028', '2001-03-28', '14:30:00', 'Away', 10, 1, '2001'),
('015', '007', '028', '2001-04-04', '14:30:00', 'Home', 5, 1, '2001'),
('015', '007', '028', '2001-04-04', '16:30:00', 'Home', 3, 2, '2001'),
('050', '007', '028', '2001-04-14', '15:00:00', 'Home', 7, 1, '2001'),
('018', '007', '013', '2001-04-15', '15:00:00', 'Home', 3, 4, '2001'),
('021', '022', '013', '2001-04-22', '13:00:00', 'Away', 2, 3, '2001'),
('021', '022', '013', '2001-04-22', '12:35:00', 'Away', 1, 5, '2001'),
('016', '023', '028', '2001-04-25', '17:00:00', 'Away', 4, 5, '2001'),
('042', '007', '013', '2001-04-29', '13:00:00', 'Home', 3, 2, '2001'),
('042', '007', '013', '2001-04-29', '15:00:00', 'Home', 4, 3, '2001'),
('012', '035', '013', '2001-05-05', '14:00:00', 'Away', 1, 10, '2001'),
('012', '013', '014', '2001-05-11', '17:00:00', 'Away', 1, 2, '2001'),
('021', '013', '014', '2001-05-12', '15:00:00', 'Away', 3, 1, '2001'),
('051', '024', '015', '2002-02-08', '12:00:00', 'Home', 4, 3, '2002'),
('052', '024', '015', '2002-02-09', '12:00:00', 'Away', 11, 1, '2002'),
('051', '024', '028', '2002-02-09', '16:00:00', 'Home', 2, 4, '2002'),
('041', '035', '016', '2002-02-15', '12:00:00', 'Away', 5, 1, '2002'),
('048', '035', '016', '2002-02-15', '14:00:00', 'Away', 1, 3, '2002'),
('012', '035', '016', '2002-02-16', '16:00:00', 'Away', 1, 2, '2002'),
('002', '035', '016', '2002-02-17', '12:00:00', 'Away', 2, 4, '2002'),
('053', '002', '010', '2002-02-22', '10:00:00', 'Away', 7, 2, '2002'),
('054', '025', '012', '2002-03-07', '13:00:00', 'Away', 2, 1, '2002'),
('055', '025', '012', '2002-03-07', '15:00:00', 'Away', 10, 8, '2002'),
('056', '025', '012', '2002-03-08', '12:00:00', 'Away', 4, 3, '2002'),
('057', '025', '012', '2002-03-09', '12:35:00', 'Away', 3, 0, '2002'),
('058', '026', '028', '2002-03-14', '16:30:00', 'Away', 7, 3, '2002'),
('028', '027', '028', '2002-03-15', '13:00:00', 'Away', 3, 1, '2002'),
('028', '027', '028', '2002-03-15', '15:00:00', 'Away', 11, 2, '2002'),
('054', '015', '003', '2002-03-22', '15:00:00', 'Away', 4, 1, '2002'),
('056', '015', '003', '2002-03-22', '18:00:00', 'Away', 4, 3, '2002'),
('059', '015', '003', '2002-03-23', '9:00:00', 'Away', 12, 3, '2002'),
('060', '015', '003', '2002-03-23', '17:00:00', 'Away', 7, 1, '2002'),
('036', '015', '003', '2002-03-23', '21:00:00', 'Away', 5, 2, '2002'),
('018', '015', '003', '2002-03-24', '13:00:00', 'Away', 1, 2, '2002'),
('018', '009', '028', '2002-03-26', '14:00:00', 'Away', 3, 0, '2002'),
('018', '009', '028', '2002-03-26', '16:00:00', 'Away', 4, 0, '2002'),
('061', '028', '028', '2002-03-29', '14:00:00', 'Home', 5, 3, '2002'),
('061', '028', '028', '2002-03-29', '12:35:00', 'Away', 4, 0, '2002'),
('050', '028', '017', '2002-03-30', '13:00:00', 'Away', 2, 1, '2002'),
('061', '028', '017', '2002-03-30', '17:00:00', 'Away', 8, 0, '2002'),
('062', '028', '017', '2002-03-30', '12:35:00', 'Away', 6, 0, '2002'),
('062', '028', '017', '2002-03-31', '12:45:00', 'Away', 7, 3, '2002'),
('021', '017', '018', '2002-04-06', '12:00:00', 'Away', 5, 7, '2002'),
('018', '017', '028', '2002-04-06', '14:00:00', 'Home', 1, 5, '2002'),
('020', '017', '018', '2002-04-07', '12:00:00', 'Away', 8, 3, '2002'),
('020', '017', '018', '2002-04-07', '12:35:00', 'Away', 7, 3, '2002'),
('016', '007', '028', '2002-04-10', '15:30:00', 'Home', 7, 0, '2002'),
('016', '007', '028', '2002-04-10', '17:30:00', 'Home', 3, 2, '2002'),
('050', '028', '028', '2002-04-17', '15:00:00', 'Away', 5, 0, '2002'),
('050', '028', '028', '2002-04-17', '17:00:00', 'Away', 4, 0, '2002'),
('021', '007', '028', '2002-04-20', '13:00:00', 'Home', 2, 3, '2002'),
('063', '007', '028', '2002-04-24', '14:30:00', 'Home', 2, 1, '2002'),
('063', '007', '028', '2002-04-24', '16:30:00', 'Home', 2, 1, '2002'),
('020', '017', '028', '2002-04-27', '14:00:00', 'Away', 3, 0, '2002'),
('020', '017', '028', '2002-04-27', '16:00:00', 'Away', 5, 1, '2002'),
('016', '021', '028', '2002-04-30', '15:30:00', 'Away', 1, 0, '2002'),
('016', '021', '028', '2002-04-30', '17:30:00', 'Away', 0, 2, '2002'),
('018', '035', '014', '2002-05-10', '17:00:00', 'Away', 0, 1, '2002'),
('021', '035', '014', '2002-05-11', '11:00:00', 'Away', 1, 4, '2002'),
('064', '029', '019', '2003-02-14', '12:00:00', 'Away', 2, 4, '2003'),
('049', '029', '019', '2003-02-14', '14:00:00', 'Away', 2, 1, '2003'),
('002', '029', '019', '2003-02-15', '14:00:00', 'Home', 2, 6, '2003'),
('064', '029', '019', '2003-02-15', '18:00:00', 'Away', 3, 1, '2003'),
('053', '002', '020', '2003-02-21', '9:00:00', 'Home', 1, 2, '2003'),
('065', '002', '020', '2003-02-21', '11:00:00', 'Home', 2, 1, '2003'),
('066', '002', '020', '2003-02-23', '9:00:00', 'Home', 2, 0, '2003'),
('022', '002', '020', '2003-02-23', '14:30:00', 'Home', 1, 7, '2003'),
('001', '025', '012', '2003-03-06', '10:00:00', 'Home', 5, 3, '2003'),
('009', '025', '012', '2003-03-06', '14:00:00', 'Home', 2, 6, '2003'),
('045', '025', '012', '2003-03-07', '16:00:00', 'Home', 1, 5, '2003'),
('054', '025', '012', '2003-03-07', '18:00:00', 'Home', 0, 9, '2003'),
('067', '025', '012', '2003-03-08', '14:00:00', 'Home', 7, 0, '2003'),
('068', '015', '003', '2003-03-22', '10:00:00', 'Home', 2, 1, '2003'),
('018', '015', '003', '2003-03-22', '18:00:00', 'Home', 0, 1, '2003'),
('047', '015', '003', '2003-03-22', '20:00:00', 'Home', 8, 5, '2003'),
('069', '015', '003', '2003-03-23', '13:00:00', 'Home', 1, 2, '2003'),
('012', '035', '028', '2003-03-25', '16:00:00', 'Away', 2, 6, '2003'),
('012', '035', '028', '2003-03-25', '18:00:00', 'Away', 2, 3, '2003'),
('017', '007', '021', '2003-03-29', '15:00:00', 'Home', 8, 1, '2003'),
('050', '007', '028', '2003-04-02', '17:00:00', 'Home', 11, 1, '2003'),
('050', '007', '028', '2003-04-02', '19:00:00', 'Home', 8, 3, '2003'),
('018', '007', '028', '2003-04-06', '12:00:00', 'Home', 1, 5, '2003'),
('018', '007', '028', '2003-04-06', '14:00:00', 'Home', 0, 1, '2003'),
('070', '007', '028', '2003-04-13', '13:00:00', 'Home', 4, 0, '2003'),
('070', '007', '028', '2003-04-13', '15:00:00', 'Home', 12, 0, '2003'),
('071', '007', '028', '2003-04-16', '17:00:00', 'Home', 4, 2, '2003'),
('071', '007', '028', '2003-04-16', '19:00:00', 'Home', 1, 0, '2003'),
('021', '022', '028', '2003-04-19', '12:00:00', 'Away', 0, 3, '2003'),
('021', '022', '028', '2003-04-19', '14:00:00', 'Away', 1, 5, '2003'),
('040', '007', '028', '2003-04-23', '17:00:00', 'Home', 8, 0, '2003'),
('040', '007', '028', '2003-04-23', '19:00:00', 'Home', 9, 1, '2003'),
('020', '007', '028', '2003-04-26', '15:00:00', 'Home', 2, 0, '2003'),
('020', '007', '028', '2003-04-26', '17:00:00', 'Home', 1, 5, '2003'),
('072', '007', '028', '2003-04-29', '17:00:00', 'Home', 6, 0, '2003'),
('072', '007', '028', '2003-04-29', '19:00:00', 'Home', 6, 0, '2003'),
('016', '007', '028', '2003-04-30', '17:00:00', 'Home', 3, 0, '2003'),
('016', '007', '028', '2003-04-30', '19:00:00', 'Home', 8, 0, '2003'),
('073', '007', '028', '2003-05-01', '17:00:00', 'Home', 11, 0, '2003'),
('073', '007', '028', '2003-05-01', '19:00:00', 'Home', 9, 0, '2003'),
('015', '007', '028', '2003-05-06', '17:00:00', 'Home', 8, 0, '2003'),
('015', '007', '028', '2003-05-06', '19:00:00', 'Home', 2, 0, '2003'),
('021', '035', '014', '2003-05-09', '15:00:00', 'Home', 0, 4, '2003'),
('020', '035', '014', '2003-05-10', '11:00:00', 'Away', 9, 8, '2003'),
('021', '035', '014', '2003-05-10', '17:00:00', 'Away', 3, 6, '2003'),
('074', '002', '022', '2004-02-20', '10:00:00', 'Home', 1, 3, '2004'),
('017', '002', '022', '2004-02-20', '14:30:00', 'Home', 1, 3, '2004'),
('008', '002', '022', '2004-02-21', '10:00:00', 'Home', 10, 3, '2004'),
('075', '002', '022', '2004-02-21', '17:30:00', 'Home', 15, 0, '2004'),
('008', '002', '022', '2004-02-22', '9:00:00', 'Home', 14, 4, '2004'),
('054', '030', '023', '2004-02-27', '13:30:00', 'Home', 1, 4, '2004'),
('076', '030', '023', '2004-02-27', '18:30:00', 'Home', 5, 1, '2004'),
('077', '030', '023', '2004-02-28', '11:00:00', 'Home', 0, 1, '2004'),
('076', '030', '023', '2004-02-28', '18:30:00', 'Home', 0, 5, '2004'),
('077', '030', '023', '2004-02-01', '10:30:00', 'Home', 6, 3, '2004'),
('078', '029', '024', '2004-03-05', '10:00:00', 'Home', 2, 1, '2004'),
('079', '029', '024', '2004-03-05', '14:00:00', 'Home', 5, 4, '2004'),
('080', '029', '024', '2004-03-06', '11:15:00', 'Home', 10, 4, '2004'),
('002', '029', '024', '2004-03-06', '15:15:00', 'Home', 0, 5, '2004'),
('002', '029', '024', '2004-03-07', '14:00:00', 'Home', 0, 4, '2004'),
('056', '035', '025', '2004-03-12', '14:00:00', 'Home', 4, 1, '2004'),
('047', '035', '025', '2004-03-12', '16:00:00', 'Home', 3, 8, '2004'),
('043', '035', '025', '2004-03-13', '12:00:00', 'Away', 2, 6, '2004'),
('081', '035', '025', '2004-03-13', '14:00:00', 'Home', 0, 6, '2004'),
('082', '035', '025', '2004-03-13', '17:00:00', 'Home', 8, 0, '2004'),
('020', '035', '025', '2004-03-14', '10:00:00', 'Home', 0, 2, '2004'),
('083', '007', '028', '2004-03-17', '14:00:00', 'Home', 6, 4, '2004'),
('083', '007', '028', '2004-03-17', '16:00:00', 'Home', 6, 0, '2004'),
('064', '007', '021', '2004-03-20', '11:00:00', 'Home', 2, 3, '2004'),
('073', '007', '021', '2004-03-20', '13:00:00', 'Home', 9, 0, '2004'),
('061', '007', '021', '2004-03-21', '12:00:00', 'Away', 1, 3, '2004'),
('084', '007', '006', '2004-03-27', '13:00:00', 'Home', 9, 6, '2004'),
('085', '007', '006', '2004-03-27', '15:00:00', 'Home', 5, 4, '2004'),
('086', '007', '006', '2004-03-28', '12:00:00', 'Home', 4, 3, '2004'),
('084', '007', '006', '2004-03-28', '16:00:00', 'Home', 1, 2, '2004'),
('050', '028', '028', '2004-04-06', '15:00:00', 'Away', 6, 2, '2004'),
('050', '028', '028', '2004-04-06', '17:00:00', 'Away', 4, 0, '2004'),
('087', '007', '028', '2004-04-08', '15:00:00', 'Home', 4, 1, '2004'),
('087', '007', '028', '2004-04-08', '17:00:00', 'Home', 2, 0, '2004'),
('088', '013', '028', '2004-04-10', '13:00:00', 'Away', 0, 5, '2004'),
('088', '013', '028', '2004-04-10', '15:00:00', 'Away', 1, 0, '2004'),
('020', '017', '028', '2004-04-11', '13:00:00', 'Away', 0, 1, '2004'),
('020', '017', '028', '2004-04-11', '15:00:00', 'Away', 3, 5, '2004'),
('089', '007', '028', '2004-04-15', '15:30:00', 'Home', 9, 0, '2004'),
('089', '007', '028', '2004-04-15', '17:30:00', 'Home', 10, 2, '2004'),
('071', '031', '028', '2004-04-17', '13:00:00', 'Away', 5, 0, '2004'),
('071', '031', '028', '2004-04-17', '15:00:00', 'Away', 3, 0, '2004'),
('012', '007', '028', '2004-04-18', '12:00:00', 'Home', 0, 7, '2004'),
('012', '007', '028', '2004-04-18', '14:00:00', 'Home', 1, 2, '2004'),
('021', '007', '028', '2004-04-25', '13:00:00', 'Home', 1, 6, '2004'),
('021', '007', '028', '2004-04-25', '15:00:00', 'Home', 3, 11, '2004'),
('016', '023', '028', '2004-04-29', '15:00:00', 'Away', 3, 1, '2004'),
('016', '023', '028', '2004-04-29', '17:00:00', 'Home', 3, 1, '2004'),
('018', '009', '028', '2004-05-02', '12:00:00', 'Away', 2, 10, '2004'),
('018', '009', '028', '2004-05-02', '14:00:00', 'Away', 0, 1, '2004'),
('058', '026', '028', '2004-05-06', '14:00:00', 'Away', 3, 2, '2004'),
('058', '026', '028', '2004-05-06', '16:00:00', 'Away', 3, 0, '2004'),
('005', '007', '028', '2004-05-08', '13:00:00', 'Home', 1, 3, '2004'),
('005', '007', '028', '2004-05-08', '15:00:00', 'Home', 0, 3, '2004'),
('090', '007', '028', '2004-05-09', '13:00:00', 'Home', 1, 0, '2004'),
('090', '007', '028', '2004-05-09', '15:00:00', 'Home', 2, 1, '2004'),
('021', '035', '014', '2004-05-14', '13:30:00', 'Away', 5, 3, '2004'),
('020', '035', '014', '2004-05-14', '19:30:00', 'Away', 2, 7, '2004'),
('091', '035', '014', '2004-05-15', '12:30:00', 'Away', 6, 0, '2004'),
('018', '035', '014', '2004-05-15', '17:30:00', 'Away', 4, 6, '2004'),
('092', '024', '026', '2005-02-18', '12:00:00', 'Home', 1, 6, '2005'),
('005', '024', '026', '2005-02-18', '14:30:00', 'Away', 0, 7, '2005'),
('041', '024', '026', '2005-02-19', '12:00:00', 'Home', 1, 7, '2005'),
('092', '024', '026', '2005-02-19', '17:00:00', 'Home', 3, 2, '2005'),
('005', '024', '026', '2005-02-20', '14:00:00', 'Away', 0, 5, '2005'),
('093', '029', '027', '2005-03-04', '11:00:00', 'Away', 5, 3, '2005'),
('094', '029', '027', '2005-03-04', '13:00:00', 'Away', 9, 1, '2005'),
('066', '029', '027', '2005-03-05', '9:00:00', 'Away', 1, 3, '2005'),
('002', '029', '027', '2005-03-05', '13:00:00', 'Away', 5, 4, '2005'),
('002', '029', '027', '2005-03-06', '14:00:00', 'Away', 0, 5, '2005'),
('056', '035', '028', '2005-03-11', '13:00:00', 'Away', 3, 2, '2005'),
('095', '035', '028', '2005-03-11', '17:00:00', 'Away', 1, 3, '2005'),
('039', '035', '028', '2005-03-12', '13:00:00', 'Home', 2, 1, '2005'),
('047', '035', '028', '2005-03-12', '15:00:00', 'Away', 2, 6, '2005'),
('087', '035', '028', '2005-03-13', '11:00:00', 'Away', 3, 0, '2005'),
('096', '007', '021', '2005-03-19', '11:00:00', 'Home', 5, 1, '2005'),
('097', '007', '021', '2005-03-19', '13:00:00', 'Home', 5, 3, '2005'),
('085', '007', '021', '2005-03-20', '12:00:00', 'Home', 2, 3, '2005'),
('085', '007', '021', '2005-03-20', '16:00:00', 'Home', 5, 1, '2005'),
('033', '047', '028', '2005-03-25', '15:00:00', 'Home', 0, 5, '2005'),
('098', '007', '028', '2005-03-31', '14:00:00', 'Home', 9, 0, '2005'),
('098', '007', '028', '2005-03-31', '16:00:00', 'Home', 9, 0, '2005'),
('086', '007', '028', '2005-04-06', '17:00:00', 'Home', 10, 1, '2005'),
('086', '007', '028', '2005-04-06', '19:00:00', 'Home', 5, 1, '2005'),
('021', '022', '028', '2005-04-09', '12:00:00', 'Away', 1, 2, '2005'),
('021', '022', '028', '2005-04-09', '14:00:00', 'Home', 1, 0, '2005'),
('021', '022', '028', '2005-04-10', '12:00:00', 'Away', 0, 2, '2005'),
('012', '035', '028', '2005-04-16', '14:00:00', 'Away', 0, 1, '2005'),
('012', '035', '028', '2005-04-16', '16:00:00', 'Away', 7, 2, '2005'),
('012', '035', '028', '2005-04-17', '13:00:00', 'Away', 0, 2, '2005'),
('020', '007', '028', '2005-04-23', '13:00:00', 'Home', 0, 1, '2005'),
('020', '007', '028', '2005-04-24', '12:00:00', 'Home', 2, 3, '2005'),
('020', '007', '028', '2005-04-24', '13:00:00', 'Home', 1, 3, '2005'),
('016', '007', '028', '2005-04-27', '18:00:00', 'Home', 7, 3, '2005'),
('016', '007', '028', '2005-04-27', '20:00:00', 'Home', 1, 0, '2005'),
('018', '007', '028', '2005-04-29', '17:00:00', 'Home', 2, 3, '2005'),
('018', '007', '028', '2005-04-29', '19:00:00', 'Home', 2, 1, '2005'),
('058', '007', '028', '2005-05-04', '14:00:00', 'Home', 0, 2, '2005'),
('058', '007', '028', '2005-05-04', '16:00:00', 'Home', 11, 1, '2005'),
('050', '007', '028', '2005-05-07', '13:00:00', 'Home', 3, 0, '2005'),
('050', '007', '028', '2005-05-07', '15:00:00', 'Home', 7, 0, '2005'),
('021', '007', '014', '2005-05-12', '17:00:00', 'Home', 4, 5, '2005'),
('012', '007', '014', '2005-05-13', '13:30:00', 'Home', 2, 0, '2005'),
('091', '007', '014', '2005-05-13', '19:30:00', 'Home', 3, 2, '2005'),
('033', '007', '014', '2005-05-14', '15:30:00', 'Home', 3, 5, '2005'),
('099', '033', '028', '2006-02-17', '14:00:00', 'Away', 1, 2, '2006'),
('100', '033', '028', '2006-02-17', '16:00:00', 'Away', 3, 0, '2006'),
('101', '033', '028', '2006-02-18', '10:00:00', 'Away', 1, 0, '2006'),
('034', '033', '028', '2006-02-18', '12:00:00', 'Away', 5, 2, '2006'),
('099', '033', '028', '2006-02-19', '10:00:00', 'Away', 4, 5, '2006'),
('102', '034', '028', '2006-02-23', '21:00:00', 'Away', 0, 3, '2006'),
('103', '034', '028', '2006-02-24', '15:30:00', 'Away', 2, 1, '2006'),
('104', '034', '028', '2006-02-24', '18:30:00', 'Away', 5, 8, '2006'),
('024', '034', '028', '2006-02-25', '12:30:00', 'Away', 1, 8, '2006'),
('105', '034', '028', '2006-02-25', '16:00:00', 'Away', 6, 2, '2006'),
('009', '034', '028', '2006-02-26', '12:00:00', 'Away', 11, 5, '2006'),
('106', '035', '028', '2006-03-03', '11:00:00', 'Away', 5, 4, '2006'),
('081', '035', '028', '2006-03-03', '13:30:00', 'Away', 0, 6, '2006'),
('012', '035', '028', '2006-03-04', '13:30:00', 'Away', 5, 6, '2006'),
('106', '035', '028', '2006-03-04', '18:30:00', 'Away', 3, 4, '2006'),
('050', '036', '028', '2006-03-10', '9:00:00', 'Home', 6, 3, '2006'),
('071', '036', '028', '2006-03-10', '11:00:00', 'Away', 1, 0, '2006'),
('107', '036', '028', '2006-03-11', '9:00:00', 'Away', 8, 0, '2006'),
('108', '036', '028', '2006-03-11', '11:00:00', 'Away', 8, 0, '2006'),
('071', '031', '028', '2006-03-15', '14:00:00', 'Away', 0, 2, '2006'),
('071', '031', '028', '2006-03-15', '16:00:00', 'Away', 0, 2, '2006'),
('018', '009', '028', '2006-03-18', '12:00:00', 'Away', 1, 4, '2006'),
('018', '009', '028', '2006-03-18', '14:00:00', 'Away', 0, 9, '2006'),
('018', '009', '028', '2006-03-19', '12:00:00', 'Away', 1, 5, '2006'),
('040', '007', '028', '2006-03-22', '14:00:00', 'Home', 9, 0, '2006'),
('040', '007', '028', '2006-03-22', '16:00:00', 'Home', 13, 0, '2006'),
('020', '017', '028', '2006-03-25', '14:00:00', 'Away', 0, 5, '2006'),
('020', '017', '028', '2006-03-26', '13:00:00', 'Away', 4, 3, '2006'),
('020', '017', '028', '2006-03-26', '15:00:00', 'Away', 1, 6, '2006'),
('061', '007', '028', '2006-03-28', '14:00:00', 'Home', 8, 0, '2006'),
('061', '007', '028', '2006-03-28', '16:00:00', 'Home', 4, 1, '2006'),
('096', '007', '028', '2006-03-29', '15:00:00', 'Home', 2, 0, '2006'),
('096', '007', '028', '2006-03-29', '17:00:00', 'Home', 8, 0, '2006'),
('088', '013', '028', '2006-04-01', '13:00:00', 'Away', 1, 4, '2006'),
('088', '013', '028', '2006-04-01', '15:00:00', 'Away', 1, 0, '2006'),
('088', '013', '028', '2006-04-02', '13:00:00', 'Away', 0, 3, '2006'),
('086', '007', '028', '2006-04-05', '17:00:00', 'Home', 10, 1, '2006'),
('086', '007', '028', '2006-04-05', '19:00:00', 'Home', 6, 5, '2006'),
('033', '007', '028', '2006-04-09', '12:00:00', 'Home', 1, 0, '2006'),
('033', '007', '028', '2006-04-09', '14:00:00', 'Home', 5, 1, '2006'),
('050', '007', '028', '2006-04-12', '17:00:00', 'Home', 12, 0, '2006'),
('050', '007', '028', '2006-04-12', '19:00:00', 'Home', 9, 1, '2006'),
('021', '007', '028', '2006-04-15', '13:00:00', 'Home', 1, 2, '2006'),
('021', '007', '028', '2006-04-15', '15:00:00', 'Home', 1, 4, '2006'),
('021', '007', '028', '2006-04-16', '13:00:00', 'Home', 1, 0, '2006'),
('072', '007', '028', '2006-04-19', '15:00:00', 'Home', 5, 0, '2006'),
('072', '007', '028', '2006-04-19', '17:00:00', 'Home', 4, 6, '2006'),
('064', '037', '028', '2006-04-22', '13:00:00', 'Away', 9, 5, '2006'),
('064', '038', '028', '2006-04-22', '15:00:00', 'Away', 5, 8, '2006'),
('064', '037', '028', '2006-04-23', '11:00:00', 'Away', 1, 4, '2006'),
('016', '021', '028', '2006-04-26', '15:00:00', 'Away', 2, 0, '2006'),
('016', '021', '028', '2006-04-26', '17:00:00', 'Away', 4, 5, '2006'),
('058', '026', '028', '2006-05-03', '14:00:00', 'Away', 2, 0, '2006'),
('058', '026', '028', '2006-05-03', '16:00:00', 'Away', 5, 0, '2006'),
('012', '007', '028', '2006-05-06', '13:00:00', 'Home', 6, 4, '2006'),
('012', '007', '028', '2006-05-06', '15:00:00', 'Home', 1, 4, '2006'),
('012', '007', '028', '2006-05-07', '13:00:00', 'Home', 4, 8, '2006'),
('020', '017', '014', '2006-05-11', '12:30:00', 'Away', 3, 5, '2006'),
('033', '017', '014', '2006-05-11', '20:00:00', 'Away', 0, 1, '2006'),
('081', '020', '028', '2007-02-16', '11:00:00', 'Away', 1, 6, '2007'),
('042', '020', '028', '2007-02-16', '13:00:00', 'Away', 9, 1, '2007'),
('109', '020', '028', '2007-02-17', '9:00:00', 'Away', 8, 1, '2007'),
('011', '020', '028', '2007-02-17', '11:00:00', 'Home', 4, 1, '2007'),
('081', '020', '028', '2007-02-18', '13:00:00', 'Away', 1, 2, '2007'),
('110', '034', '028', '2007-02-23', '13:00:00', 'Home', 6, 5, '2007'),
('111', '034', '028', '2007-02-23', '18:00:00', 'Away', 3, 2, '2007'),
('112', '034', '028', '2007-02-24', '18:00:00', 'Away', 0, 6, '2007'),
('113', '034', '028', '2007-02-24', '23:00:00', 'Home', 6, 9, '2007'),
('114', '034', '028', '2007-02-25', '14:00:00', 'Home', 1, 11, '2007'),
('115', '034', '028', '2007-02-25', '16:00:00', 'Home', 0, 1, '2007'),
('116', '002', '028', '2007-03-02', '12:00:00', 'Home', 3, 2, '2007'),
('117', '002', '028', '2007-03-02', '16:30:00', 'Home', 1, 3, '2007'),
('118', '002', '028', '2007-03-04', '8:30:00', 'Home', 5, 4, '2007'),
('006', '002', '028', '2007-03-04', '11:00:00', 'Home', 1, 8, '2007'),
('075', '007', '028', '2007-03-09', '16:00:00', 'Away', 7, 2, '2007'),
('099', '007', '028', '2007-03-09', '18:00:00', 'Home', 1, 2, '2007'),
('023', '007', '028', '2007-03-10', '13:00:00', 'Home', 1, 4, '2007'),
('119', '007', '028', '2007-03-10', '17:00:00', 'Home', 11, 2, '2007'),
('119', '007', '028', '2007-03-11', '11:00:00', 'Home', 8, 0, '2007'),
('015', '021', '028', '2007-03-13', '14:00:00', 'Away', 12, 3, '2007'),
('015', '021', '028', '2007-03-13', '16:00:00', 'Away', 4, 1, '2007'),
('096', '007', '028', '2007-03-21', '15:00:00', 'Home', 5, 0, '2007'),
('096', '007', '028', '2007-03-21', '17:00:00', 'Home', 3, 1, '2007'),
('021', '022', '028', '2007-03-24', '13:00:00', 'Away', 15, 1, '2007'),
('021', '022', '028', '2007-03-24', '15:00:00', 'Away', 8, 3, '2007'),
('021', '022', '028', '2007-03-25', '13:00:00', 'Away', 11, 1, '2007'),
('120', '059', '028', '2007-03-28', '14:00:00', 'Away', 6, 5, '2007'),
('120', '059', '028', '2007-03-28', '16:00:00', 'Away', 6, 0, '2007'),
('012', '035', '028', '2007-03-31', '12:00:00', 'Away', 2, 4, '2007'),
('012', '035', '028', '2007-03-31', '14:00:00', 'Away', 0, 6, '2007'),
('012', '035', '028', '2007-04-01', '11:30:00', 'Away', 0, 8, '2007'),
('086', '007', '028', '2007-04-04', '17:00:00', 'Home', 5, 2, '2007'),
('086', '007', '028', '2007-04-04', '19:00:00', 'Home', 6, 3, '2007'),
('020', '007', '028', '2007-04-07', '13:00:00', 'Home', 3, 2, '2007'),
('020', '007', '028', '2007-04-08', '12:00:00', 'Home', 0, 4, '2007'),
('020', '040', '028', '2007-04-08', '14:00:00', 'Home', 2, 7, '2007'),
('120', '007', '028', '2007-04-11', '16:00:00', 'Home', 8, 0, '2007'),
('120', '007', '028', '2007-04-11', '18:00:00', 'Home', 14, 0, '2007'),
('018', '007', '028', '2007-04-14', '11:00:00', 'Home', 3, 7, '2007'),
('018', '007', '028', '2007-04-14', '13:00:00', 'Home', 2, 7, '2007'),
('072', '007', '028', '2007-04-18', '16:00:00', 'Home', 8, 1, '2007'),
('072', '007', '028', '2007-04-18', '18:00:00', 'Home', 8, 0, '2007'),
('033', '047', '028', '2007-04-21', '12:00:00', 'Away', 4, 5, '2007'),
('033', '047', '028', '2007-04-21', '14:00:00', 'Away', 1, 11, '2007'),
('033', '047', '028', '2007-04-22', '13:00:00', 'Away', 5, 4, '2007'),
('016', '007', '028', '2007-04-25', '16:00:00', 'Home', 4, 2, '2007'),
('016', '007', '028', '2007-04-25', '18:00:00', 'Home', 5, 1, '2007'),
('091', '007', '028', '2007-04-28', '13:00:00', 'Home', 2, 4, '2007'),
('091', '007', '028', '2007-04-28', '15:00:00', 'Home', 7, 4, '2007'),
('091', '007', '028', '2007-04-29', '13:00:00', 'Home', 1, 8, '2007'),
('041', '007', '028', '2007-05-02', '16:00:00', 'Home', 0, 6, '2007'),
('041', '007', '028', '2007-05-02', '18:00:00', 'Home', 3, 4, '2007'),
('064', '007', '028', '2007-05-05', '13:00:00', 'Home', 5, 6, '2007'),
('064', '007', '028', '2007-05-05', '15:00:00', 'Home', 7, 4, '2007'),
('064', '007', '028', '2007-05-06', '13:00:00', 'Home', 3, 2, '2007'),
('018', '035', '028', '2007-05-10', '10:00:00', 'Away', 1, 5, '2007'),
('091', '035', '028', '2007-05-10', '20:00:00', 'Away', 3, 2, '2007'),
('012', '035', '028', '2007-05-11', '20:00:00', 'Away', 4, 7, '2007'),
('081', '020', '028', '2008-02-08', '11:00:00', 'Away', 2, 0, '2008'),
('121', '020', '028', '2008-02-08', '13:00:00', 'Home', 2, 1, '2008'),
('122', '020', '028', '2008-02-09', '13:00:00', 'Home', 7, 0, '2008'),
('081', '020', '028', '2008-02-10', '11:00:00', 'Home', 2, 5, '2008'),
('038', '041', '028', '2008-02-16', '11:00:00', 'Away', 4, 3, '2008'),
('059', '041', '028', '2008-02-16', '13:30:00', 'Away', 5, 4, '2008'),
('059', '041', '028', '2008-02-17', '11:00:00', 'Home', 9, 8, '2008'),
('038', '041', '028', '2008-02-17', '13:30:00', 'Away', 3, 0, '2008'),
('015', '007', '028', '2008-02-27', '14:00:00', 'Home', 5, 1, '2008'),
('015', '007', '028', '2008-02-27', '16:00:00', 'Home', 8, 0, '2008'),
('090', '042', '028', '2008-02-01', '12:00:00', 'Away', 4, 0, '2008'),
('123', '042', '028', '2008-02-01', '14:00:00', 'Home', 7, 1, '2008'),
('039', '042', '028', '2008-03-01', '12:00:00', 'Home', 6, 4, '2008'),
('124', '042', '028', '2008-03-02', '14:00:00', 'Home', 1, 0, '2008'),
('071', '007', '028', '2008-03-05', '16:00:00', 'Home', 3, 0, '2008'),
('071', '007', '028', '2008-03-05', '18:00:00', 'Home', 7, 4, '2008'),
('053', '007', '028', '2008-03-08', '15:00:00', 'Home', 3, 2, '2008'),
('085', '007', '028', '2008-03-09', '14:00:00', 'Home', 2, 0, '2008'),
('125', '007', '028', '2008-03-09', '16:00:00', 'Home', 13, 12, '2008'),
('084', '007', '028', '2008-03-12', '16:00:00', 'Home', 6, 0, '2008'),
('084', '007', '028', '2008-03-12', '18:00:00', 'Home', 4, 5, '2008'),
('126', '007', '028', '2008-03-14', '17:00:00', 'Home', 8, 0, '2008'),
('127', '007', '028', '2008-03-15', '13:00:00', 'Home', 0, 1, '2008'),
('128', '007', '028', '2008-03-15', '17:00:00', 'Home', 5, 7, '2008'),
('015', '007', '028', '2008-03-16', '13:00:00', 'Home', 5, 2, '2008'),
('129', '007', '028', '2008-03-16', '15:00:00', 'Home', 4, 1, '2008'),
('020', '017', '028', '2008-03-21', '17:00:00', 'Away', 1, 2, '2008'),
('020', '017', '028', '2008-03-22', '13:00:00', 'Away', 1, 5, '2008'),
('020', '017', '028', '2008-03-22', '15:00:00', 'Away', 2, 3, '2008'),
('033', '007', '028', '2008-03-29', '13:00:00', 'Home', 1, 8, '2008'),
('033', '007', '028', '2008-03-29', '15:00:00', 'Home', 2, 1, '2008'),
('033', '007', '028', '2008-03-30', '13:00:00', 'Home', 3, 8, '2008'),
('086', '007', '028', '2008-04-02', '17:00:00', 'Home', 2, 0, '2008'),
('086', '007', '028', '2008-04-02', '19:00:00', 'Home', 4, 1, '2008'),
('012', '007', '028', '2008-04-05', '15:00:00', 'Home', 3, 1, '2008'),
('012', '007', '028', '2008-04-05', '17:00:00', 'Home', 0, 3, '2008'),
('012', '007', '028', '2008-04-06', '12:00:00', 'Home', 4, 3, '2008'),
('120', '007', '028', '2008-04-08', '16:00:00', 'Home', 1, 0, '2008'),
('120', '007', '028', '2008-04-08', '18:00:00', 'Home', 8, 0, '2008'),
('088', '013', '028', '2008-04-12', '13:00:00', 'Away', 1, 3, '2008'),
('088', '013', '028', '2008-04-12', '15:00:00', 'Away', 5, 3, '2008'),
('088', '013', '028', '2008-04-13', '13:00:00', 'Away', 6, 7, '2008'),
('041', '043', '028', '2008-04-16', '16:00:00', 'Away', 0, 7, '2008'),
('041', '043', '028', '2008-04-16', '18:00:00', 'Away', 2, 3, '2008'),
('021', '007', '028', '2008-04-19', '13:00:00', 'Home', 4, 5, '2008'),
('021', '007', '028', '2008-04-19', '15:00:00', 'Home', 6, 1, '2008'),
('021', '007', '028', '2008-04-20', '13:00:00', 'Home', 2, 0, '2008'),
('072', '007', '028', '2008-04-23', '16:00:00', 'Home', 3, 0, '2008'),
('072', '007', '028', '2008-04-23', '18:00:00', 'Home', 17, 1, '2008'),
('018', '009', '028', '2008-04-26', '13:00:00', 'Away', 2, 0, '2008'),
('018', '009', '028', '2008-04-26', '15:00:00', 'Away', 2, 4, '2008'),
('018', '009', '028', '2008-04-27', '13:00:00', 'Away', 3, 4, '2008'),
('016', '021', '028', '2008-04-30', '15:00:00', 'Away', 3, 4, '2008'),
('016', '021', '028', '2008-04-30', '17:00:00', 'Away', 12, 3, '2008'),
('064', '037', '028', '2008-05-03', '13:00:00', 'Away', 2, 5, '2008'),
('064', '037', '028', '2008-05-03', '15:00:00', 'Away', 1, 3, '2008'),
('064', '037', '028', '2008-05-04', '13:00:00', 'Away', 8, 0, '2008'),
('033', '007', '028', '2008-05-08', '12:30:00', 'Away', 4, 7, '2008'),
('064', '007', '028', '2008-05-08', '20:00:00', 'Away', 3, 7, '2008'),
('121', '020', '028', '2009-02-06', '16:00:00', 'Home', 3, 8, '2009'),
('001', '020', '028', '2009-02-06', '20:00:00', 'Away', 2, 3, '2009'),
('011', '020', '028', '2009-02-07', '11:00:00', 'Home', 0, 1, '2009'),
('081', '020', '028', '2009-02-07', '13:00:00', 'Away', 0, 8, '2009'),
('084', '020', '028', '2009-02-08', '11:00:00', 'Away', 0, 4, '2009'),
('130', '034', '028', '2009-02-19', '18:30:00', 'Away', 7, 3, '2009'),
('131', '034', '028', '2009-02-19', '23:00:00', 'Away', 3, 2, '2009'),
('132', '034', '028', '2009-02-20', '18:30:00', 'Home', 1, 2, '2009'),
('133', '034', '028', '2009-02-21', '15:30:00', 'Home', 0, 7, '2009'),
('110', '034', '028', '2009-02-21', '23:00:00', 'Home', 8, 7, '2009'),
('112', '034', '028', '2009-02-22', '14:00:00', 'Away', 0, 5, '2009'),
('134', '044', '028', '2009-02-27', '13:30:00', 'Home', 8, 3, '2009'),
('135', '044', '028', '2009-02-27', '18:30:00', 'Away', 3, 2, '2009'),
('136', '044', '028', '2009-02-28', '11:00:00', 'Away', 1, 10, '2009'),
('134', '044', '028', '2009-02-28', '13:30:00', 'Home', 3, 0, '2009'),
('137', '007', '028', '2009-03-07', '12:00:00', 'Home', 6, 0, '2009'),
('138', '007', '028', '2009-03-07', '14:00:00', 'Home', 2, 4, '2009'),
('139', '007', '028', '2009-03-08', '11:00:00', 'Home', 1, 0, '2009'),
('137', '007', '028', '2009-03-08', '12:55:00', 'Home', 10, 2, '2009'),
('016', '007', '028', '2009-03-11', '17:00:00', 'Home', 7, 3, '2009'),
('053', '007', '028', '2009-03-13', '15:00:00', 'Home', 11, 1, '2009'),
('058', '007', '028', '2009-03-14', '13:00:00', 'Away', 4, 3, '2009'),
('125', '007', '028', '2009-03-14', '15:00:00', 'Home', 2, 6, '2009'),
('096', '007', '028', '2009-03-15', '15:00:00', 'Home', 7, 1, '2009'),
('140', '007', '028', '2009-03-15', '17:00:00', 'Home', 8, 4, '2009'),
('020', '007', '028', '2009-03-21', '13:00:00', 'Home', 0, 7, '2009'),
('020', '007', '028', '2009-03-21', '15:00:00', 'Home', 2, 10, '2009'),
('020', '007', '028', '2009-03-22', '13:00:00', 'Home', 1, 2, '2009'),
('141', '007', '028', '2009-03-25', '17:00:00', 'Home', 2, 7, '2009'),
('088', '007', '028', '2009-03-28', '12:00:00', 'Home', 0, 1, '2009'),
('088', '007', '028', '2009-03-28', '14:00:00', 'Home', 4, 3, '2009'),
('088', '007', '028', '2009-03-29', '13:00:00', 'Home', 7, 6, '2009'),
('021', '022', '028', '2009-04-04', '13:00:00', 'Away', 5, 2, '2009'),
('021', '022', '028', '2009-04-04', '15:00:00', 'Away', 5, 0, '2009'),
('021', '022', '028', '2009-04-05', '13:00:00', 'Away', 8, 4, '2009'),
('017', '007', '028', '2009-04-08', '17:00:00', 'Home', 4, 2, '2009'),
('017', '007', '028', '2009-04-08', '19:00:00', 'Home', 1, 5, '2009'),
('012', '035', '028', '2009-04-11', '16:00:00', 'Away', 0, 1, '2009'),
('012', '035', '028', '2009-04-11', '18:00:00', 'Away', 0, 8, '2009'),
('012', '035', '028', '2009-04-12', '13:00:00', 'Away', 0, 1, '2009'),
('064', '007', '028', '2009-04-18', '13:00:00', 'Home', 4, 3, '2009'),
('064', '007', '028', '2009-04-18', '15:00:00', 'Home', 4, 3, '2009'),
('064', '007', '028', '2009-04-19', '13:00:00', 'Home', 1, 2, '2009'),
('041', '007', '028', '2009-04-23', '17:00:00', 'Home', 2, 3, '2009'),
('041', '007', '028', '2009-04-23', '19:00:00', 'Home', 2, 0, '2009'),
('033', '047', '028', '2009-04-25', '12:00:00', 'Away', 5, 4, '2009'),
('033', '047', '028', '2009-04-25', '15:00:00', 'Away', 5, 6, '2009'),
('033', '047', '028', '2009-04-26', '13:00:00', 'Away', 4, 1, '2009'),
('072', '007', '028', '2009-04-28', '17:00:00', 'Home', 2, 0, '2009'),
('072', '007', '028', '2009-04-28', '19:00:00', 'Home', 2, 1, '2009'),
('086', '007', '028', '2009-04-29', '17:00:00', 'Home', 9, 1, '2009'),
('086', '007', '028', '2009-04-29', '19:00:00', 'Home', 7, 0, '2009'),
('018', '007', '028', '2009-05-02', '13:00:00', 'Home', 2, 9, '2009'),
('018', '007', '028', '2009-05-02', '15:00:00', 'Home', 0, 8, '2009'),
('033', '013', '028', '2009-05-08', '19:30:00', 'Home', 0, 3, '2009'),
('136', '020', '028', '2010-02-19', '16:00:00', 'Home', 0, 1, '2010'),
('001', '020', '028', '2010-02-19', '20:00:00', 'Home', 2, 1, '2010'),
('084', '020', '028', '2010-02-20', '11:00:00', 'Home', 4, 3, '2010'),
('142', '020', '028', '2010-02-20', '16:00:00', 'Home', 0, 2, '2010'),
('142', '020', '028', '2010-02-21', '11:00:00', 'Away', 1, 2, '2010'),
('005', '056', '028', '2010-02-26', '13:30:00', 'Away', 1, 4, '2010'),
('143', '056', '028', '2010-02-26', '18:30:00', 'Home', 11, 1, '2010'),
('144', '056', '028', '2010-02-27', '16:00:00', 'Home', 4, 5, '2010'),
('124', '056', '028', '2010-02-27', '18:30:00', 'Home', 3, 2, '2010'),
('081', '056', '028', '2010-02-28', '12:30:00', 'Home', 0, 9, '2010'),
('023', '007', '028', '2010-03-05', '14:30:00', 'Home', 9, 0, '2010'),
('096', '007', '028', '2010-03-05', '17:00:00', 'Home', 2, 0, '2010'),
('016', '007', '028', '2010-03-06', '15:00:00', 'Home', 0, 2, '2010'),
('023', '007', '028', '2010-03-06', '17:30:00', 'Home', 7, 5, '2010'),
('096', '007', '028', '2010-03-07', '12:30:00', 'Home', 4, 2, '2010'),
('140', '007', '028', '2010-03-10', '17:00:00', 'Home', 3, 0, '2010'),
('140', '007', '028', '2010-03-10', '19:00:00', 'Home', 9, 1, '2010'),
('021', '007', '028', '2010-03-14', '13:00:00', 'Home', 3, 5, '2010'),
('021', '007', '028', '2010-03-14', '15:00:00', 'Home', 1, 3, '2010'),
('145', '046', '028', '2010-03-17', '9:00:00', 'Home', 9, 1, '2010'),
('085', '046', '028', '2010-03-17', '11:00:00', 'Home', 9, 1, '2010'),
('045', '002', '028', '2010-03-19', '13:00:00', 'Neutral', 2, 1, '2010'),
('146', '002', '028', '2010-03-19', '18:00:00', 'Home', 3, 0, '2010'),
('122', '002', '028', '2010-03-20', '10:00:00', 'Home', 1, 0, '2010'),
('137', '002', '028', '2010-03-20', '12:00:00', 'Home', 11, 4, '2010'),
('102', '002', '028', '2010-03-21', '9:00:00', 'Home', 3, 2, '2010'),
('071', '007', '028', '2010-03-24', '17:00:00', 'Home', 8, 0, '2010'),
('071', '007', '028', '2010-03-24', '19:00:00', 'Home', 9, 7, '2010'),
('018', '009', '028', '2010-03-27', '13:00:00', 'Away', 8, 9, '2010'),
('018', '009', '028', '2010-03-27', '15:00:00', 'Away', 1, 3, '2010'),
('018', '009', '028', '2010-03-28', '9:00:00', 'Away', 0, 1, '2010'),
('147', '007', '028', '2010-03-30', '17:00:00', 'Home', 0, 2, '2010'),
('147', '007', '028', '2010-03-30', '19:00:00', 'Home', 10, 2, '2010'),
('012', '007', '028', '2010-04-03', '13:00:00', 'Home', 0, 2, '2010'),
('012', '007', '028', '2010-04-03', '15:00:00', 'Home', 2, 3, '2010'),
('012', '007', '028', '2010-04-04', '13:00:00', 'Home', 6, 2, '2010'),
('072', '007', '028', '2010-04-07', '17:00:00', 'Home', 8, 0, '2010'),
('072', '007', '028', '2010-04-07', '19:00:00', 'Home', 8, 0, '2010'),
('033', '007', '028', '2010-04-10', '13:00:00', 'Home', 7, 0, '2010'),
('033', '007', '028', '2010-04-10', '15:00:00', 'Home', 1, 2, '2010'),
('033', '007', '028', '2010-04-11', '13:00:00', 'Home', 7, 3, '2010'),
('016', '021', '028', '2010-04-14', '16:00:00', 'Away', 0, 1, '2010'),
('020', '017', '028', '2010-04-17', '13:00:00', 'Away', 5, 2, '2010'),
('020', '017', '028', '2010-04-17', '15:00:00', 'Away', 2, 1, '2010'),
('020', '017', '028', '2010-04-18', '13:00:00', 'Away', 0, 4, '2010'),
('088', '013', '028', '2010-04-24', '12:00:00', 'Away', 0, 2, '2010'),
('088', '013', '028', '2010-04-24', '15:00:00', 'Away', 2, 0, '2010'),
('088', '013', '028', '2010-04-25', '12:30:00', 'Away', 1, 0, '2010'),
('086', '007', '028', '2010-04-28', '17:00:00', 'Home', 8, 0, '2010'),
('086', '007', '028', '2010-04-28', '19:00:00', 'Home', 5, 1, '2010'),
('148', '007', '028', '2010-05-01', '13:00:00', 'Home', 3, 1, '2010'),
('148', '007', '028', '2010-05-01', '15:00:00', 'Home', 1, 5, '2010'),
('064', '038', '028', '2010-05-09', '11:30:00', 'Away', 5, 1, '2010'),
('064', '038', '028', '2010-05-09', '13:30:00', 'Away', 3, 6, '2010'),
('012', '047', '028', '2010-05-14', '12:00:00', 'Away', 0, 3, '2010'),
('125', '007', '028', '2010-05-21', '19:00:00', 'Away', 1, 2, '2010'),
('048', '007', '028', '2010-05-22', '14:00:00', 'Away', 4, 1, '2010'),
('125', '007', '028', '2010-05-22', '16:00:00', 'Home', 2, 5, '2010'),
('143', '029', '028', '2011-02-11', '15:00:00', 'Home', 0, 1, '2011'),
('149', '029', '028', '2011-02-12', '17:00:00', 'Away', 0, 5, '2011'),
('150', '029', '028', '2011-02-12', '19:00:00', 'Home', 4, 3, '2011'),
('042', '029', '028', '2011-02-13', '11:00:00', 'Home', 3, 1, '2011'),
('002', '029', '028', '2011-02-13', '13:00:00', 'Away', 2, 8, '2011'),
('084', '020', '028', '2011-02-25', '9:00:00', 'Home', 1, 0, '2011'),
('151', '020', '028', '2011-02-25', '13:00:00', 'Away', 3, 5, '2011'),
('027', '020', '028', '2011-02-26', '9:00:00', 'Away', 3, 1, '2011'),
('152', '020', '028', '2011-02-26', '11:00:00', 'Home', 2, 1, '2011'),
('084', '020', '028', '2011-02-27', '13:00:00', 'Home', 5, 4, '2011'),
('149', '042', '028', '2011-03-04', '12:30:00', 'Home', 7, 9, '2011'),
('153', '042', '028', '2011-03-04', '15:00:00', 'Away', 1, 3, '2011'),
('148', '042', '028', '2011-03-05', '12:30:00', 'Home', 16, 0, '2011'),
('043', '042', '028', '2011-03-05', '15:00:00', 'Home', 3, 5, '2011'),
('008', '042', '028', '2011-03-06', '11:30:00', 'Home', 1, 0, '2011'),
('042', '007', '028', '2011-03-09', '17:00:00', 'Home', 2, 3, '2011'),
('042', '007', '028', '2011-03-09', '19:00:00', 'Home', 4, 2, '2011'),
('004', '002', '028', '2011-03-11', '15:00:00', 'Home', 4, 6, '2011'),
('154', '002', '028', '2011-03-11', '20:00:00', 'Away', 6, 0, '2011'),
('109', '002', '028', '2011-03-12', '12:30:00', 'Home', 4, 3, '2011'),
('155', '002', '028', '2011-03-12', '15:00:00', 'Home', 4, 1, '2011'),
('156', '002', '028', '2011-03-13', '12:00:00', 'Home', 4, 1, '2011'),
('125', '007', '028', '2011-03-16', '17:00:00', 'Home', 7, 1, '2011'),
('125', '007', '028', '2011-03-16', '19:00:00', 'Home', 5, 4, '2011'),
('023', '007', '028', '2011-03-18', '12:15:00', 'Home', 6, 0, '2011'),
('006', '007', '028', '2011-03-19', '11:15:00', 'Home', 6, 0, '2011'),
('090', '007', '028', '2011-03-19', '13:30:00', 'Away', 5, 0, '2011'),
('157', '007', '028', '2011-03-20', '12:15:00', 'Home', 9, 1, '2011'),
('090', '007', '028', '2011-03-20', '14:30:00', 'Away', 1, 0, '2011'),
('021', '022', '028', '2011-03-26', '12:00:00', 'Away', 13, 0, '2011'),
('021', '022', '028', '2011-03-26', '14:00:00', 'Away', 7, 0, '2011'),
('018', '007', '028', '2011-04-02', '13:00:00', 'Home', 2, 5, '2011'),
('018', '007', '028', '2011-04-02', '15:00:00', 'Home', 3, 4, '2011'),
('018', '007', '028', '2011-04-03', '13:00:00', 'Home', 0, 2, '2011'),
('120', '007', '028', '2011-04-06', '17:00:00', 'Home', 10, 0, '2011'),
('120', '007', '028', '2011-04-06', '19:00:00', 'Home', 1, 0, '2011'),
('064', '007', '028', '2011-04-09', '13:00:00', 'Home', 4, 3, '2011'),
('064', '007', '028', '2011-04-09', '15:00:00', 'Home', 1, 0, '2011'),
('064', '007', '028', '2011-04-10', '13:00:00', 'Home', 4, 3, '2011'),
('091', '007', '028', '2011-04-17', '11:00:00', 'Home', 3, 1, '2011'),
('091', '007', '028', '2011-04-17', '13:00:00', 'Home', 1, 2, '2011'),
('097', '007', '028', '2011-04-19', '17:00:00', 'Home', 5, 0, '2011'),
('097', '007', '028', '2011-04-19', '19:00:00', 'Home', 3, 2, '2011'),
('012', '035', '028', '2011-04-23', '13:00:00', 'Away', 1, 0, '2011'),
('012', '035', '028', '2011-04-23', '15:00:00', 'Away', 7, 4, '2011'),
('012', '035', '028', '2011-04-24', '12:00:00', 'Away', 0, 5, '2011'),
('086', '007', '028', '2011-04-27', '17:00:00', 'Home', 13, 0, '2011'),
('086', '007', '028', '2011-04-27', '19:00:00', 'Home', 3, 1, '2011'),
('033', '047', '028', '2011-04-30', '12:00:00', 'Away', 3, 2, '2011'),
('033', '047', '028', '2011-04-30', '14:00:00', 'Away', 3, 2, '2011'),
('033', '047', '028', '2011-05-01', '13:00:00', 'Away', 2, 0, '2011'),
('020', '007', '028', '2011-05-07', '13:00:00', 'Home', 0, 2, '2011'),
('020', '007', '028', '2011-05-07', '15:00:00', 'Home', 5, 6, '2011'),
('020', '007', '028', '2011-05-08', '13:00:00', 'Home', 5, 0, '2011'),
('091', '009', '028', '2011-05-13', '12:00:00', 'Home', 4, 3, '2011'),
('020', '009', '028', '2011-05-14', '13:00:00', 'Home', 3, 7, '2011'),
('042', '007', '028', '2011-05-20', '19:30:00', 'Home', 1, 5, '2011'),
('127', '007', '028', '2011-05-21', '14:30:00', 'Away', 11, 0, '2011'),
('042', '007', '028', '2011-05-21', '17:00:00', 'Home', 0, 2, '2011'),
('011', '020', '028', '2012-02-17', '9:00:00', 'Home', 3, 1, '2012'),
('081', '020', '028', '2012-02-17', '11:00:00', 'Home', 7, 3, '2012'),
('158', '020', '028', '2012-02-18', '16:00:00', 'Home', 0, 8, '2012'),
('001', '020', '028', '2012-02-18', '20:00:00', 'Home', 4, 1, '2012'),
('136', '020', '028', '2012-02-19', '11:00:00', 'Home', 2, 1, '2012'),
('094', '007', '028', '2012-02-22', '15:00:00', 'Home', 7, 3, '2012'),
('094', '007', '028', '2012-02-22', '17:00:00', 'Home', 10, 2, '2012'),
('095', '046', '028', '2012-02-24', '12:15:00', 'Home', 12, 8, '2012'),
('159', '046', '028', '2012-02-24', '14:30:00', 'Away', 10, 2, '2012'),
('160', '046', '028', '2012-02-25', '14:30:00', 'Home', 4, 3, '2012'),
('109', '046', '028', '2012-02-25', '16:45:00', 'Away', 3, 11, '2012'),
('159', '046', '028', '2012-02-26', '10:00:00', 'Home', 2, 1, '2012'),
('121', '024', '028', '2012-03-02', '12:00:00', 'Home', 6, 16, '2012'),
('005', '024', '028', '2012-03-02', '14:30:00', 'Away', 1, 19, '2012'),
('161', '024', '028', '2012-03-03', '12:00:00', 'Away', 4, 2, '2012'),
('005', '024', '028', '2012-03-03', '17:00:00', 'Home', 1, 9, '2012'),
('121', '024', '028', '2012-03-04', '12:00:00', 'Home', 1, 4, '2012'),
('023', '007', '028', '2012-03-09', '15:00:00', 'Home', 7, 3, '2012'),
('075', '007', '028', '2012-03-09', '17:30:00', 'Away', 17, 7, '2012'),
('023', '007', '028', '2012-03-10', '15:00:00', 'Home', 10, 6, '2012'),
('151', '007', '028', '2012-03-10', '17:30:00', 'Away', 2, 1, '2012'),
('151', '007', '028', '2012-03-11', '13:30:00', 'Home', 5, 0, '2012'),
('162', '048', '028', '2012-03-16', '16:30:00', 'Home', 4, 6, '2012'),
('163', '048', '028', '2012-03-16', '18:45:00', 'Home', 8, 0, '2012'),
('164', '048', '028', '2012-03-17', '16:00:00', 'Home', 0, 1, '2012'),
('153', '048', '028', '2012-03-17', '18:15:00', 'Away', 5, 0, '2012'),
('039', '048', '028', '2012-03-18', '11:15:00', 'Home', 0, 9, '2012'),
('146', '049', '028', '2012-03-21', '17:00:00', 'Away', 1, 3, '2012'),
('146', '049', '028', '2012-03-21', '19:00:00', 'Away', 1, 9, '2012'),
('033', '007', '028', '2012-03-31', '13:00:00', 'Home', 0, 5, '2012'),
('033', '007', '028', '2012-03-31', '15:00:00', 'Home', 5, 7, '2012'),
('033', '007', '028', '2012-04-01', '13:00:00', 'Home', 1, 5, '2012'),
('050', '007', '028', '2012-04-04', '17:00:00', 'Home', 3, 1, '2012'),
('050', '007', '028', '2012-04-04', '19:00:00', 'Home', 6, 3, '2012'),
('018', '009', '028', '2012-04-07', '13:00:00', 'Away', 1, 6, '2012'),
('018', '009', '028', '2012-04-07', '15:00:00', 'Away', 6, 9, '2012'),
('018', '009', '028', '2012-04-08', '14:00:00', 'Away', 0, 5, '2012'),
('021', '007', '028', '2012-04-14', '13:00:00', 'Home', 3, 1, '2012'),
('021', '007', '028', '2012-04-14', '15:00:00', 'Home', 6, 5, '2012'),
('021', '007', '028', '2012-04-15', '13:00:00', 'Home', 8, 0, '2012'),
('140', '007', '028', '2012-04-18', '17:00:00', 'Home', 9, 0, '2012'),
('140', '007', '028', '2012-04-18', '19:00:00', 'Home', 10, 0, '2012'),
('088', '013', '028', '2012-04-21', '13:00:00', 'Away', 5, 3, '2012'),
('088', '013', '028', '2012-04-21', '15:00:00', 'Away', 4, 5, '2012'),
('088', '013', '028', '2012-04-22', '12:00:00', 'Away', 4, 3, '2012'),
('086', '007', '028', '2012-04-25', '17:00:00', 'Home', 15, 0, '2012'),
('086', '007', '028', '2012-04-25', '19:00:00', 'Home', 10, 5, '2012'),
('064', '038', '028', '2012-04-28', '13:00:00', 'Away', 4, 3, '2012'),
('064', '038', '028', '2012-04-28', '15:00:00', 'Away', 4, 1, '2012'),
('064', '038', '028', '2012-04-29', '13:00:00', 'Away', 11, 0, '2012'),
('012', '007', '028', '2012-05-05', '13:00:00', 'Home', 3, 4, '2012'),
('012', '007', '028', '2012-05-05', '15:00:00', 'Home', 4, 1, '2012'),
('012', '007', '028', '2012-05-06', '12:00:00', 'Home', 4, 3, '2012'),
('033', '017', '028', '2012-05-10', '19:30:00', 'Away', 2, 5, '2012'),
('102', '050', '028', '2012-05-18', '18:30:00', 'Away', 1, 6, '2012'),
('036', '050', '028', '2012-05-19', '18:30:00', 'Home', 2, 3, '2012'),
('165', '020', '028', '2013-02-15', '11:00:00', 'Neutral', 5, 3, '2013'),
('121', '020', '028', '2013-02-16', '10:00:00', 'Away', 16, 8, '2013'),
('081', '020', '028', '2013-02-16', '12:00:00', 'Neutral', 2, 10, '2013'),
('165', '020', '028', '2013-02-17', '13:00:00', 'Neutral', 18, 1, '2013'),
('092', '034', '028', '2013-02-21', '16:00:00', 'Neutral', 1, 13, '2013'),
('166', '034', '028', '2013-02-21', '23:30:00', 'Neutral', 0, 8, '2013'),
('004', '034', '028', '2013-02-22', '23:30:00', 'Neutral', 1, 8, '2013'),
('112', '034', '028', '2013-02-23', '15:00:00', 'Neutral', 3, 4, '2013'),
('133', '034', '028', '2013-02-23', '17:30:00', 'Neutral', 2, 3, '2013'),
('125', '046', '028', '2013-03-01', '11:00:00', 'Neutral', 10, 2, '2013'),
('144', '046', '028', '2013-03-01', '15:30:00', 'Neutral', 3, 4, '2013'),
('017', '046', '028', '2013-03-02', '12:15:00', 'Neutral', 3, 11, '2013'),
('167', '046', '028', '2013-03-02', '16:45:00', 'Neutral', 7, 9, '2013'),
('043', '046', '028', '2013-03-03', '13:30:00', 'Neutral', 3, 5, '2013'),
('053', '007', '028', '2013-03-05', '15:30:00', 'Home', 2, 6, '2013'),
('109', '007', '028', '2013-03-08', '15:00:00', 'Home', 3, 2, '2013'),
('066', '007', '028', '2013-03-08', '17:00:00', 'Home', 3, 4, '2013'),
('143', '007', '028', '2013-03-09', '11:00:00', 'Home', 4, 9, '2013'),
('014', '007', '028', '2013-03-09', '13:00:00', 'Home', 9, 10, '2013'),
('097', '007', '028', '2013-03-10', '13:00:00', 'Home', 10, 9, '2013'),
('157', '007', '028', '2013-03-12', '17:00:00', 'Home', 14, 6, '2013'),
('157', '007', '028', '2013-03-12', '19:00:00', 'Home', 13, 5, '2013'),
('164', '048', '028', '2013-03-15', '16:00:00', 'Neutral', 3, 2, '2013'),
('045', '048', '028', '2013-03-15', '18:15:00', 'Neutral', 0, 1, '2013'),
('008', '048', '028', '2013-03-16', '11:00:00', 'Neutral', 6, 1, '2013'),
('128', '048', '028', '2013-03-16', '16:00:00', 'Neutral', 4, 0, '2013'),
('137', '048', '028', '2013-03-17', '11:45:00', 'Neutral', 0, 4, '2013'),
('021', '007', '028', '2013-03-23', '13:00:00', 'Home', 6, 5, '2013'),
('021', '007', '028', '2013-03-23', '15:00:00', 'Home', 9, 6, '2013'),
('021', '007', '028', '2013-03-24', '13:00:00', 'Home', 6, 5, '2013'),
('140', '007', '028', '2013-03-27', '17:00:00', 'Home', 20, 0, '2013'),
('140', '007', '028', '2013-03-27', '19:00:00', 'Home', 13, 0, '2013'),
('012', '007', '028', '2013-03-30', '13:00:00', 'Home', 5, 4, '2013'),
('012', '007', '028', '2013-03-30', '15:00:00', 'Home', 1, 13, '2013'),
('012', '007', '028', '2013-03-31', '12:00:00', 'Home', 9, 14, '2013'),
('070', '007', '028', '2013-04-03', '16:00:00', 'Home', 9, 0, '2013'),
('070', '007', '028', '2013-04-03', '18:00:00', 'Home', 7, 3, '2013'),
('088', '013', '028', '2013-04-06', '13:00:00', 'Away', 2, 1, '2013'),
('088', '013', '028', '2013-04-06', '15:00:00', 'Away', 0, 4, '2013'),
('088', '013', '028', '2013-04-07', '13:00:00', 'Away', 1, 7, '2013'),
('050', '028', '028', '2013-04-10', '16:00:00', 'Away', 3, 8, '2013'),
('050', '028', '028', '2013-04-10', '18:00:00', 'Away', 4, 3, '2013'),
('018', '009', '028', '2013-04-13', '13:00:00', 'Away', 8, 6, '2013'),
('018', '009', '028', '2013-04-13', '15:00:00', 'Away', 4, 5, '2013'),
('018', '009', '028', '2013-04-14', '13:00:00', 'Away', 14, 5, '2013'),
('064', '007', '028', '2013-04-20', '13:00:00', 'Home', 6, 0, '2013'),
('064', '007', '028', '2013-04-20', '15:00:00', 'Home', 6, 8, '2013'),
('064', '007', '028', '2013-04-21', '13:00:00', 'Home', 10, 1, '2013'),
('086', '007', '028', '2013-04-24', '17:00:00', 'Home', 11, 0, '2013'),
('086', '007', '028', '2013-04-24', '19:00:00', 'Home', 12, 3, '2013'),
('020', '007', '028', '2013-04-27', '13:00:00', 'Home', 9, 4, '2013'),
('020', '007', '028', '2013-04-27', '15:00:00', 'Home', 9, 1, '2013'),
('020', '007', '028', '2013-04-28', '13:00:00', 'Home', 1, 8, '2013'),
('033', '047', '028', '2013-05-04', '12:00:00', 'Away', 3, 1, '2013'),
('033', '047', '028', '2013-05-04', '14:00:00', 'Away', 9, 7, '2013'),
('033', '047', '028', '2013-05-05', '13:00:00', 'Away', 0, 4, '2013'),
('033', '035', '028', '2013-05-09', '11:00:00', 'Neutral', 5, 8, '2013'),
('168', '030', '028', '2014-02-07', '11:00:00', 'Neutral', 4, 8, '2014'),
('076', '030', '028', '2014-02-07', '16:00:00', 'Away', 9, 14, '2014'),
('152', '030', '028', '2014-02-08', '10:00:00', 'Neutral', 2, 6, '2014'),
('076', '030', '028', '2014-02-08', '13:00:00', 'Neutral', 5, 6, '2014'),
('152', '030', '028', '2014-02-09', '11:00:00', 'Neutral', 0, 1, '2014'),
('144', '020', '028', '2014-02-14', '15:00:00', 'Away', 1, 3, '2014'),
('010', '020', '028', '2014-02-14', '17:30:00', 'Away', 8, 4, '2014'),
('010', '020', '028', '2014-02-15', '12:30:00', 'Away', 2, 8, '2014'),
('001', '020', '028', '2014-02-15', '17:30:00', 'Away', 0, 4, '2014'),
('169', '020', '028', '2014-02-16', '13:00:00', 'Away', 1, 2, '2014'),
('044', '034', '028', '2014-02-20', '18:00:00', 'Away', 0, 11, '2014'),
('170', '034', '028', '2014-02-20', '20:30:00', 'Away', 5, 11, '2014'),
('104', '034', '028', '2014-02-21', '13:00:00', 'Away', 1, 2, '2014'),
('112', '034', '028', '2014-02-22', '20:00:00', 'Neutral', 5, 10, '2014'),
('103', '034', '028', '2014-02-22', '22:30:00', 'Neutral', 0, 4, '2014'),
('171', '046', '028', '2014-02-28', '13:15:00', 'Neutral', 1, 4, '2014'),
('066', '046', '028', '2014-02-28', '15:30:00', 'Neutral', 1, 6, '2014'),
('118', '046', '028', '2014-03-01', '15:30:00', 'Neutral', 3, 16, '2014'),
('172', '046', '028', '2014-03-01', '17:45:00', 'Neutral', 2, 10, '2014'),
('173', '046', '028', '2014-03-02', '10:00:00', 'Neutral', 0, 16, '2014'),
('018', '007', '028', '2014-03-15', '13:00:00', 'Home', 4, 7, '2014'),
('018', '007', '028', '2014-03-15', '15:00:00', 'Home', 1, 4, '2014'),
('018', '007', '028', '2014-03-16', '13:00:00', 'Home', 6, 7, '2014'),
('020', '017', '028', '2014-03-22', '13:00:00', 'Away', 5, 11, '2014'),
('020', '017', '028', '2014-03-22', '15:00:00', 'Away', 12, 11, '2014'),
('020', '017', '028', '2014-03-23', '10:00:00', 'Away', 3, 12, '2014'),
('048', '007', '028', '2014-04-02', '15:00:00', 'Home', 4, 9, '2014'),
('048', '007', '028', '2014-04-02', '17:00:00', 'Home', 7, 6, '2014'),
('012', '035', '028', '2014-04-05', '10:00:00', 'Away', 2, 10, '2014'),
('012', '035', '028', '2014-04-05', '12:00:00', 'Away', 6, 14, '2014'),
('012', '035', '028', '2014-04-06', '11:00:00', 'Away', 5, 7, '2014'),
('064', '038', '028', '2014-04-12', '13:00:00', 'Away', 0, 8, '2014'),
('064', '038', '028', '2014-04-12', '15:00:00', 'Away', 2, 4, '2014'),
('064', '038', '028', '2014-04-13', '13:00:00', 'Away', 4, 2, '2014'),
('086', '007', '028', '2014-04-16', '17:00:00', 'Home', 10, 2, '2014'),
('033', '007', '028', '2014-04-19', '13:00:00', 'Home', 0, 3, '2014'),
('033', '007', '028', '2014-04-19', '15:00:00', 'Home', 6, 8, '2014'),
('033', '007', '028', '2014-04-20', '13:00:00', 'Home', 8, 1, '2014'),
('140', '007', '028', '2014-04-23', '17:00:00', 'Home', 15, 0, '2014'),
('140', '007', '028', '2014-04-23', '19:00:00', 'Home', 10, 4, '2014'),
('043', '051', '028', '2014-04-27', '13:00:00', 'Away', 0, 9, '2014'),
('043', '051', '028', '2014-04-27', '15:00:00', 'Away', 5, 8, '2014'),
('043', '051', '028', '2014-04-28', '19:00:00', 'Away', 1, 9, '2014'),
('084', '007', '028', '2014-05-03', '13:00:00', 'Home', 8, 0, '2014'),
('084', '007', '028', '2014-05-03', '15:00:00', 'Home', 7, 6, '2014'),
('084', '007', '028', '2014-05-04', '13:00:00', 'Home', 7, 5, '2014')
;

INSERT INTO [CurveBallConsultants.Match] (oppId, locId, trnId, mchDate, mchTime, mchType, runTerps, runOpponent, ssnYear) VALUES
('033', '041', '028', '2015-02-06', '12:00:00', 'Neutral', 6, 7, '2015'),
('174', '041', '028', '2015-02-07', '10:00:00', 'Neutral', 8, 2, '2015'),
('033', '041', '028', '2015-02-07', '12:30:00', 'Neutral', 10, 11, '2015'),
('038', '041', '028', '2015-02-08', '11:45:00', 'Away', 3, 1, '2015'),
('038', '041', '028', '2015-02-08', '14:15:00', 'Away', 4, 3, '2015'),
('175', '020', '028', '2015-02-13', '11:15:00', 'Neutral', 4, 0, '2015'),
('049', '020', '028', '2015-02-13', '13:30:00', 'Neutral', 6, 0, '2015'),
('074', '020', '028', '2015-02-14', '9:00:00', 'Neutral', 0, 1, '2015'),
('049', '020', '028', '2015-02-14', '13:30:00', 'Neutral', 3, 1, '2015'),
('001', '020', '028', '2015-02-15', '13:30:00', 'Away', 5, 6, '2015'),
('043', '034', '028', '2015-02-19', '18:00:00', 'Neutral', 6, 8, '2015'),
('055', '034', '028', '2015-02-19', '21:00:00', 'Neutral', 2, 1, '2015'),
('110', '034', '028', '2015-02-20', '23:30:00', 'Neutral', 4, 3, '2015'),
('115', '034', '028', '2015-02-21', '15:30:00', 'Neutral', 5, 2, '2015'),
('170', '034', '028', '2015-02-21', '23:00:00', 'Neutral', 10, 7, '2015'),
('125', '042', '028', '2015-02-27', '11:00:00', 'Neutral', 4, 3, '2015'),
('144', '042', '028', '2015-02-27', '15:30:00', 'Neutral', 2, 6, '2015'),
('092', '042', '028', '2015-03-01', '10:00:00', 'Neutral', 1, 5, '2015'),
('032', '042', '028', '2015-03-01', '12:15:00', 'Neutral', 10, 0, '2015'),
('124', '042', '028', '2015-03-03', '14:30:00', 'Away', 6, 8, '2015'),
('075', '031', '028', '2015-03-07', '13:00:00', 'Neutral', 18, 3, '2015'),
('077', '031', '028', '2015-03-08', '12:00:00', 'Neutral', 2, 1, '2015'),
('071', '031', '028', '2015-03-08', '16:30:00', 'Neutral', 5, 10, '2015'),
('174', '007', '028', '2015-03-15', '16:00:00', 'Home', 9, 1, '2015'),
('174', '007', '028', '2015-03-15', '18:00:00', 'Home', 14, 0, '2015'),
('023', '007', '028', '2015-03-16', '11:00:00', 'Home', 6, 5, '2015'),
('176', '007', '028', '2015-03-17', '15:00:00', 'Home', 2, 3, '2015'),
('176', '007', '028', '2015-03-17', '17:00:00', 'Home', 2, 5, '2015'),
('143', '052', '028', '2015-03-20', '17:00:00', 'Away', 15, 14, '2015'),
('143', '052', '028', '2015-03-21', '15:00:00', 'Away', 4, 8, '2015'),
('143', '052', '028', '2015-03-22', '14:00:00', 'Away', 19, 0, '2015'),
('137', '007', '028', '2015-03-25', '17:00:00', 'Home', 18, 8, '2015'),
('137', '007', '028', '2015-03-25', '19:00:00', 'Home', 5, 8, '2015'),
('014', '007', '028', '2015-03-27', '18:00:00', 'Home', 11, 10, '2015'),
('014', '007', '028', '2015-03-29', '12:00:00', 'Home', 6, 18, '2015'),
('014', '007', '028', '2015-03-29', '15:00:00', 'Home', 5, 9, '2015'),
('065', '053', '028', '2015-04-04', '12:00:00', 'Away', 6, 3, '2015'),
('065', '053', '028', '2015-04-04', '15:00:00', 'Away', 8, 11, '2015'),
('065', '053', '028', '2015-04-05', '13:00:00', 'Away', 21, 8, '2015'),
('153', '007', '028', '2015-04-10', '13:00:00', 'Home', 3, 7, '2015'),
('153', '007', '028', '2015-04-11', '13:00:00', 'Home', 8, 14, '2015'),
('153', '007', '028', '2015-04-12', '12:30:00', 'Home', 4, 5, '2015'),
('041', '007', '028', '2015-04-17', '18:00:00', 'Home', 8, 6, '2015'),
('041', '007', '028', '2015-04-18', '13:00:00', 'Home', 7, 6, '2015'),
('041', '007', '028', '2015-04-19', '11:00:00', 'Home', 5, 3, '2015'),
('083', '054', '028', '2015-04-21', '14:00:00', 'Away', 5, 6, '2015'),
('083', '054', '028', '2015-04-21', '16:00:00', 'Away', 3, 11, '2015'),
('081', '007', '028', '2015-04-24', '17:00:00', 'Home', 0, 8, '2015'),
('081', '007', '028', '2015-04-25', '13:00:00', 'Home', 2, 10, '2015'),
('081', '007', '028', '2015-04-26', '13:00:00', 'Home', 0, 1, '2015'),
('054', '055', '028', '2015-05-01', '16:00:00', 'Away', 3, 4, '2015'),
('054', '055', '028', '2015-05-02', '13:00:00', 'Away', 6, 5, '2015'),
('054', '055', '028', '2015-05-03', '13:00:00', 'Away', 4, 7, '2015'),
('041', '056', '028', '2015-05-07', '14:30:00', 'Neutral', 6, 10, '2015'),
('064', '057', '028', '2016-02-12', '11:30:00', 'Neutral', 1, 9, '2016'),
('177', '057', '028', '2016-02-12', '16:00:00', 'Neutral', 9, 4, '2016'),
('172', '057', '028', '2016-02-13', '11:30:00', 'Neutral', 2, 7, '2016'),
('178', '057', '028', '2016-02-13', '14:00:00', 'Neutral', 13, 9, '2016'),
('179', '057', '028', '2016-02-14', '11:00:00', 'Neutral', 0, 5, '2016'),
('005', '009', '028', '2016-02-19', '12:30:00', 'Neutral', 0, 1, '2016'),
('056', '009', '028', '2016-02-19', '17:30:00', 'Away', 3, 4, '2016'),
('180', '009', '028', '2016-02-20', '15:00:00', 'Neutral', 6, 5, '2016'),
('181', '009', '028', '2016-02-20', '17:30:00', 'Neutral', 1, 7, '2016'),
('005', '009', '028', '2016-02-21', '10:00:00', 'Neutral', 5, 10, '2016'),
('164', '020', '028', '2016-02-26', '11:15:00', 'Neutral', 3, 2, '2016'),
('085', '020', '028', '2016-02-26', '13:30:00', 'Neutral', 1, 4, '2016'),
('085', '020', '028', '2016-02-27', '13:30:00', 'Neutral', 2, 4, '2016'),
('001', '020', '028', '2016-02-27', '20:15:00', 'Away', 8, 7, '2016'),
('077', '020', '028', '2016-02-28', '11:15:00', 'Neutral', 4, 10, '2016'),
('120', '058', '028', '2016-03-04', '15:30:00', 'Neutral', 4, 5, '2016'),
('182', '059', '028', '2016-03-05', '11:00:00', 'Neutral', 2, 11, '2016'),
('072', '059', '028', '2016-03-05', '13:30:00', 'Neutral', 7, 9, '2016'),
('085', '058', '028', '2016-03-06', '11:00:00', 'Neutral', 5, 4, '2016'),
('082', '060', '028', '2016-03-11', '12:00:00', 'Neutral', 2, 11, '2016'),
('183', '060', '028', '2016-03-11', '14:15:00', 'Neutral', 4, 7, '2016'),
('082', '060', '028', '2016-03-12', '14:15:00', 'Neutral', 8, 0, '2016'),
('184', '060', '028', '2016-03-12', '18:45:00', 'Away', 2, 11, '2016'),
('184', '060', '028', '2016-03-13', '13:00:00', 'Away', 0, 11, '2016'),
('121', '061', '028', '2016-03-18', '16:30:00', 'Home', 4, 5, '2016'),
('185', '061', '028', '2016-03-18', '18:45:00', 'Home', 1, 10, '2016'),
('097', '061', '028', '2016-03-20', '16:00:00', 'Home', 3, 9, '2016'),
('014', '056', '028', '2016-03-25', '18:00:00', 'Away', 2, 12, '2016'),
('014', '056', '028', '2016-03-26', '14:00:00', 'Away', 3, 4, '2016'),
('014', '056', '028', '2016-03-27', '13:00:00', 'Away', 4, 13, '2016'),
('004', '061', '028', '2016-04-01', '18:00:00', 'Home', 7, 4, '2016'),
('004', '061', '028', '2016-04-02', '14:00:00', 'Home', 2, 14, '2016'),
('004', '061', '028', '2016-04-03', '13:00:00', 'Home', 4, 26, '2016'),
('186', '061', '028', '2016-04-05', '16:00:00', 'Home', 6, 3, '2016'),
('186', '061', '028', '2016-04-05', '18:15:00', 'Home', 3, 7, '2016'),
('054', '061', '028', '2016-04-08', '18:00:00', 'Home', 3, 12, '2016'),
('054', '061', '028', '2016-04-10', '11:00:00', 'Home', 10, 2, '2016'),
('054', '061', '028', '2016-04-10', '13:00:00', 'Home', 9, 8, '2016'),
('041', '043', '028', '2016-04-15', '18:00:00', 'Away', 6, 9, '2016'),
('041', '043', '028', '2016-04-16', '16:00:00', 'Away', 0, 4, '2016'),
('041', '043', '028', '2016-04-17', '13:00:00', 'Away', 3, 5, '2016'),
('083', '061', '028', '2016-04-20', '15:00:00', 'Home', 0, 4, '2016'),
('083', '061', '028', '2016-04-20', '17:00:00', 'Home', 3, 6, '2016'),
('081', '062', '028', '2016-04-22', '18:00:00', 'Away', 1, 9, '2016'),
('081', '062', '028', '2016-04-23', '14:00:00', 'Away', 0, 16, '2016'),
('081', '062', '028', '2016-04-24', '13:00:00', 'Away', 0, 8, '2016'),
('187', '063', '028', '2016-04-29', '19:00:00', 'Away', 0, 10, '2016'),
('187', '063', '028', '2016-04-30', '14:00:00', 'Away', 1, 11, '2016'),
('187', '063', '028', '2016-05-01', '13:00:00', 'Away', 0, 9, '2016'),
('065', '061', '028', '2016-05-07', '13:00:00', 'Home', 3, 8, '2016'),
('065', '061', '028', '2016-05-07', '15:00:00', 'Home', 1, 12, '2016'),
('065', '061', '028', '2016-05-08', '13:00:00', 'Home', 10, 8, '2016'),
('187', '064', '028', '2017-02-10', '12:30:00', 'Neutral', 2, 3, '2017'),
('154', '064', '028', '2017-02-10', '15:00:00', 'Neutral', 5, 14, '2017'),
('154', '064', '028', '2017-02-11', '12:00:00', 'Neutral', 3, 6, '2017'),
('111', '064', '028', '2017-02-11', '19:30:00', 'Away', 2, 10, '2017'),
('187', '064', '028', '2017-02-12', '11:00:00', 'Neutral', 2, 10, '2017'),
('188', '065', '028', '2017-02-17', '9:00:00', 'Neutral', 1, 6, '2017'),
('189', '065', '028', '2017-02-17', '11:15:00', 'Neutral', 2, 13, '2017'),
('039', '065', '028', '2017-02-18', '9:00:00', 'Neutral', 1, 5, '2017'),
('173', '065', '028', '2017-02-18', '11:15:00', 'Away', 4, 2, '2017'),
('190', '085', '028', '2017-02-24', '12:15:00', 'Neutral', 0, 3, '2017'),
('191', '085', '028', '2017-02-24', '14:30:00', 'Neutral', 3, 0, '2017'),
('192', '085', '028', '2017-02-25', '13:45:00', 'Neutral', 2, 4, '2017'),
('193', '085', '028', '2017-02-25', '16:00:00', 'Away', 0, 3, '2017'),
('137', '085', '028', '2017-02-26', '10:00:00', 'Neutral', 5, 5, '2017'),
('194', '067', '028', '2017-03-03', '11:00:00', 'Neutral', 2, 3, '2017'),
('172', '067', '028', '2017-03-03', '16:00:00', 'Neutral', 0, 14, '2017'),
('195', '067', '028', '2017-03-04', '13:30:00', 'Neutral', 4, 5, '2017'),
('092', '067', '028', '2017-03-04', '16:00:00', 'Away', 0, 2, '2017'),
('092', '067', '028', '2017-03-05', '13:30:00', 'Away', 9, 8, '2017'),
('196', '068', '028', '2017-03-10', '12:00:00', 'Neutral', 2, 8, '2017'),
('197', '068', '028', '2017-03-10', '14:30:00', 'Neutral', 4, 8, '2017'),
('198', '068', '028', '2017-03-11', '17:00:00', 'Away', 6, 3, '2017'),
('199', '068', '028', '2017-03-12', '12:00:00', 'Neutral', 2, 6, '2017'),
('097', '007', '028', '2017-03-18', '12:30:00', 'Home', 5, 4, '2017'),
('200', '007', '028', '2017-03-18', '17:30:00', 'Home', 6, 3, '2017'),
('097', '007', '028', '2017-03-19', '14:00:00', 'Home', 7, 9, '2017'),
('071', '007', '028', '2017-03-19', '16:30:00', 'Home', 0, 8, '2017'),
('109', '007', '028', '2017-03-20', '15:00:00', 'Home', 3, 0, '2017'),
('014', '007', '028', '2017-03-24', '18:00:00', 'Home', 2, 6, '2017'),
('014', '007', '028', '2017-03-25', '13:00:00', 'Home', 6, 10, '2017'),
('014', '007', '028', '2017-03-26', '13:00:00', 'Home', 0, 22, '2017'),
('054', '055', '028', '2017-03-31', '16:00:00', 'Away', 3, 11, '2017'),
('054', '055', '028', '2017-04-01', '13:00:00', 'Away', 0, 2, '2017'),
('054', '055', '028', '2017-04-02', '13:00:00', 'Away', 2, 6, '2017'),
('141', '069', '028', '2017-04-08', '13:00:00', 'Away', 4, 11, '2017'),
('141', '069', '028', '2017-04-08', '15:00:00', 'Away', 5, 6, '2017'),
('141', '069', '028', '2017-04-09', '13:00:00', 'Away', 5, 4, '2017'),
('081', '007', '028', '2017-04-14', '18:00:00', 'Home', 1, 5, '2017'),
('081', '007', '028', '2017-04-15', '13:00:00', 'Home', 2, 1, '2017'),
('081', '007', '028', '2017-04-16', '13:00:00', 'Home', 3, 4, '2017'),
('065', '053', '028', '2017-04-21', '13:00:00', 'Away', 1, 2, '2017'),
('065', '053', '028', '2017-04-21', '15:00:00', 'Away', 0, 5, '2017'),
('065', '053', '028', '2017-04-23', '13:00:00', 'Away', 1, 2, '2017'),
('041', '007', '028', '2017-04-28', '18:00:00', 'Home', 3, 10, '2017'),
('041', '007', '028', '2017-04-29', '13:00:00', 'Home', 2, 1, '2017'),
('041', '007', '028', '2017-04-30', '13:00:00', 'Home', 5, 7, '2017'),
('083', '070', '028', '2017-05-03', '13:00:00', 'Away', 4, 3, '2017'),
('083', '070', '028', '2017-05-03', '16:30:00', 'Away', 3, 4, '2017'),
('160', '007', '028', '2017-05-05', '18:00:00', 'Home', 3, 8, '2017'),
('160', '007', '028', '2017-05-06', '15:30:00', 'Home', 3, 5, '2017'),
('160', '007', '028', '2017-05-07', '13:00:00', 'Home', 0, 5, '2017'),
('103', '071', '028', '2018-02-09', '13:30:00', 'Neutral', 3, 4, '2018'),
('112', '071', '028', '2018-02-09', '18:30:00', 'Away', 1, 5, '2018'),
('198', '071', '028', '2018-02-10', '17:30:00', 'Neutral', 0, 5, '2018'),
('103', '071', '028', '2018-02-10', '20:00:00', 'Neutral', 3, 4, '2018'),
('201', '071', '028', '2018-02-11', '12:00:00', 'Neutral', 2, 1, '2018'),
('058', '072', '028', '2018-02-17', '10:00:00', 'Neutral', 4, 1, '2018'),
('118', '072', '028', '2018-02-17', '15:00:00', 'Neutral', 1, 12, '2018'),
('186', '072', '028', '2018-02-18', '9:00:00', 'Neutral', 0, 1, '2018'),
('118', '072', '028', '2018-02-18', '11:30:00', 'Away', 0, 8, '2018'),
('202', '065', '028', '2018-02-23', '11:30:00', 'Neutral', 9, 5, '2018'),
('173', '065', '028', '2018-02-23', '16:30:00', 'Away', 2, 7, '2018'),
('034', '065', '028', '2018-02-24', '9:00:00', 'Neutral', 1, 4, '2018'),
('173', '065', '028', '2018-02-24', '14:00:00', 'Away', 0, 12, '2018'),
('149', '065', '028', '2018-02-25', '8:00:00', 'Neutral', 7, 8, '2018'),
('203', '073', '028', '2018-03-02', '10:00:00', 'Neutral', 2, 0, '2018'),
('099', '073', '028', '2018-03-02', '15:00:00', 'Away', 1, 4, '2018'),
('204', '073', '028', '2018-03-03', '17:30:00', 'Neutral', 3, 2, '2018'),
('203', '073', '028', '2018-03-03', '19:30:00', 'Neutral', 5, 1, '2018'),
('181', '073', '028', '2018-03-04', '10:00:00', 'Neutral', 1, 2, '2018'),
('006', '007', '028', '2018-03-08', '16:30:00', 'Home', 1, 7, '2018'),
('181', '007', '028', '2018-03-09', '15:00:00', 'Home', 0, 2, '2018'),
('152', '007', '028', '2018-03-09', '17:30:00', 'Home', 0, 2, '2018'),
('006', '007', '028', '2018-03-10', '12:30:00', 'Home', 2, 6, '2018'),
('205', '007', '028', '2018-03-10', '15:00:00', 'Home', 4, 2, '2018'),
('206', '074', '028', '2018-03-16', '18:00:00', 'Neutral', 1, 7, '2018'),
('207', '074', '028', '2018-03-16', '20:30:00', 'Neutral', 5, 4, '2018'),
('208', '074', '028', '2018-03-17', '18:00:00', 'Neutral', 2, 1, '2018'),
('206', '074', '028', '2018-03-17', '20:00:00', 'Neutral', 0, 10, '2018'),
('131', '074', '028', '2018-03-18', '16:00:00', 'Away', 7, 6, '2018'),
('041', '075', '028', '2018-03-24', '13:00:00', 'Away', 3, 8, '2018'),
('041', '075', '028', '2018-03-24', '15:30:00', 'Away', 8, 0, '2018'),
('041', '075', '028', '2018-03-25', '13:00:00', 'Away', 4, 3, '2018'),
('143', '007', '028', '2018-03-30', '18:00:00', 'Home', 2, 1, '2018'),
('143', '007', '028', '2018-03-31', '13:00:00', 'Home', 5, 2, '2018'),
('143', '007', '028', '2018-04-01', '12:00:00', 'Home', 1, 0, '2018'),
('153', '076', '028', '2018-04-06', '14:00:00', 'Away', 0, 11, '2018'),
('153', '076', '028', '2018-04-07', '14:00:00', 'Away', 1, 7, '2018'),
('153', '076', '028', '2018-04-08', '13:00:00', 'Away', 2, 20, '2018'),
('186', '007', '028', '2018-04-11', '15:00:00', 'Home', 0, 3, '2018'),
('186', '007', '028', '2018-04-11', '17:30:00', 'Home', 7, 4, '2018'),
('065', '007', '028', '2018-04-13', '18:00:00', 'Home', 1, 10, '2018'),
('065', '007', '028', '2018-04-14', '13:00:00', 'Home', 3, 9, '2018'),
('065', '007', '028', '2018-04-14', '15:30:00', 'Home', 1, 9, '2018'),
('083', '007', '028', '2018-04-17', '17:00:00', 'Home', 5, 3, '2018'),
('083', '007', '028', '2018-04-17', '19:30:00', 'Home', 8, 7, '2018'),
('081', '062', '028', '2018-04-20', '18:00:00', 'Away', 0, 6, '2018'),
('081', '062', '028', '2018-04-21', '14:00:00', 'Away', 1, 12, '2018'),
('081', '062', '028', '2018-04-22', '12:30:00', 'Away', 0, 8, '2018'),
('014', '056', '028', '2018-04-27', '18:00:00', 'Away', 5, 13, '2018'),
('014', '056', '028', '2018-04-28', '14:00:00', 'Away', 5, 9, '2018'),
('014', '056', '028', '2018-04-29', '12:00:00', 'Away', 2, 5, '2018'),
('054', '007', '028', '2018-05-04', '15:00:00', 'Home', 4, 7, '2018'),
('054', '007', '028', '2018-05-04', '18:00:00', 'Home', 5, 6, '2018'),
('054', '007', '028', '2018-05-05', '13:00:00', 'Home', 12, 15, '2018'),
('153', '077', '028', '2018-05-10', '14:30:00', 'Neutral', 3, 5, '2018'),
('209', '078', '028', '2019-02-08', '11:00:00', 'Neutral', 6, 3, '2019'),
('101', '078', '028', '2019-02-08', '16:00:00', 'Away', 3, 4, '2019'),
('005', '078', '028', '2019-02-09', '11:00:00', 'Neutral', 0, 10, '2019'),
('101', '078', '028', '2019-02-09', '16:00:00', 'Away', 1, 10, '2019'),
('209', '078', '028', '2019-02-10', '11:00:00', 'Neutral', 3, 2, '2019'),
('210', '079', '028', '2019-02-15', '14:00:00', 'Neutral', 2, 1, '2019'),
('057', '079', '028', '2019-02-15', '16:30:00', 'Away', 4, 2, '2019'),
('211', '079', '028', '2019-02-16', '10:00:00', 'Neutral', 8, 0, '2019'),
('057', '079', '028', '2019-02-16', '17:30:00', 'Away', 4, 12, '2019'),
('110', '079', '028', '2019-02-17', '10:00:00', 'Neutral', 6, 3, '2019'),
('212', '068', '028', '2019-02-22', '12:00:00', 'Neutral', 8, 13, '2019'),
('198', '068', '028', '2019-02-22', '17:00:00', 'Away', 8, 3, '2019'),
('115', '068', '028', '2019-02-23', '12:00:00', 'Neutral', 5, 0, '2019'),
('198', '068', '028', '2019-02-23', '17:00:00', 'Away', 2, 7, '2019'),
('212', '068', '028', '2019-02-24', '12:00:00', 'Neutral', 12, 9, '2019'),
('072', '017', '028', '2019-03-01', '10:30:00', 'Neutral', 2, 5, '2019'),
('020', '017', '028', '2019-03-02', '18:00:00', 'Away', 5, 11, '2019'),
('093', '017', '028', '2019-03-03', '13:00:00', 'Neutral', 17, 9, '2019'),
('167', '080', '028', '2019-03-08', '16:00:00', 'Neutral', 5, 6, '2019'),
('135', '080', '028', '2019-03-08', '18:30:00', 'Away', 5, 6, '2019'),
('213', '080', '028', '2019-03-09', '12:30:00', 'Neutral', 5, 4, '2019'),
('214', '080', '028', '2019-03-09', '15:00:00', 'Neutral', 3, 2, '2019'),
('213', '080', '028', '2019-03-10', '10:00:00', 'Neutral', 2, 3, '2019'),
('015', '007', '028', '2019-03-14', '15:00:00', 'Home', 9, 2, '2019'),
('075', '007', '028', '2019-03-14', '17:30:00', 'Home', 6, 4, '2019'),
('215', '007', '028', '2019-03-15', '15:00:00', 'Home', 9, 2, '2019'),
('090', '007', '028', '2019-03-16', '15:00:00', 'Home', 6, 5, '2019'),
('021', '007', '028', '2019-03-19', '16:00:00', 'Home', 1, 7, '2019'),
('187', '007', '028', '2019-03-22', '18:00:00', 'Home', 5, 6, '2019'),
('187', '007', '028', '2019-03-23', '14:00:00', 'Home', 5, 19, '2019'),
('187', '007', '028', '2019-03-24', '13:00:00', 'Home', 3, 5, '2019'),
('014', '007', '028', '2019-03-29', '18:00:00', 'Home', 3, 2, '2019'),
('014', '007', '028', '2019-03-30', '14:00:00', 'Home', 1, 10, '2019'),
('014', '007', '028', '2019-03-31', '13:00:00', 'Home', 3, 15, '2019'),
('054', '055', '028', '2019-04-05', '18:00:00', 'Away', 11, 9, '2019'),
('054', '055', '028', '2019-04-06', '13:00:00', 'Away', 7, 8, '2019'),
('054', '055', '028', '2019-04-07', '13:00:00', 'Away', 3, 11, '2019'),
('065', '053', '028', '2019-04-12', '18:00:00', 'Away', 0, 8, '2019'),
('065', '053', '028', '2019-04-13', '14:00:00', 'Away', 4, 3, '2019'),
('065', '053', '028', '2019-04-13', '16:00:00', 'Away', 1, 10, '2019'),
('041', '007', '028', '2019-04-20', '13:00:00', 'Home', 1, 12, '2019'),
('041', '007', '028', '2019-04-20', '15:00:00', 'Home', 3, 9, '2019'),
('041', '007', '028', '2019-04-21', '13:00:00', 'Home', 5, 4, '2019'),
('083', '054', '028', '2019-04-23', '13:00:00', 'Away', 1, 4, '2019'),
('083', '054', '028', '2019-04-23', '15:00:00', 'Away', 6, 7, '2019'),
('004', '081', '028', '2019-04-26', '18:30:00', 'Away', 2, 11, '2019'),
('004', '081', '028', '2019-04-27', '14:00:00', 'Away', 0, 14, '2019'),
('004', '081', '028', '2019-04-28', '12:00:00', 'Away', 1, 9, '2019'),
('081', '007', '028', '2019-05-03', '18:00:00', 'Home', 1, 6, '2019'),
('081', '007', '028', '2019-05-04', '13:00:00', 'Home', 0, 8, '2019'),
('081', '007', '028', '2019-05-05', '14:00:00', 'Home', 3, 12, '2019'),
('216', '064', '028', '2020-02-06', '14:00:00', 'Neutral', 0, 8, '2020'),
('111', '064', '028', '2020-02-06', '19:00:00', 'Away', 0, 17, '2020'),
('154', '064', '028', '2020-02-07', '17:30:00', 'Neutral', 1, 5, '2020'),
('217', '064', '028', '2020-02-08', '12:30:00', 'Neutral', 6, 7, '2020'),
('218', '064', '028', '2020-02-08', '20:00:00', 'Neutral', 3, 1, '2020'),
('219', '082', '028', '2020-02-14', '14:30:00', 'Away', 1, 5, '2020'),
('084', '082', '028', '2020-02-15', '10:00:00', 'Neutral', 5, 8, '2020'),
('219', '082', '028', '2020-02-15', '12:30:00', 'Away', 2, 21, '2020'),
('084', '082', '028', '2020-02-16', '10:00:00', 'Neutral', 10, 9, '2020'),
('220', '033', '028', '2020-02-21', '14:00:00', 'Neutral', 9, 2, '2020'),
('182', '033', '028', '2020-02-22', '12:30:00', 'Neutral', 1, 2, '2020'),
('051', '033', '028', '2020-02-22', '15:00:00', 'Neutral', 1, 0, '2020'),
('034', '033', '028', '2020-02-23', '12:00:00', 'Away', 4, 2, '2020'),
('221', '057', '028', '2020-02-28', '10:00:00', 'Neutral', 3, 2, '2020'),
('222', '057', '028', '2020-02-28', '16:30:00', 'Away', 0, 8, '2020'),
('221', '057', '028', '2020-02-01', '9:00:00', 'Neutral', 3, 2, '2020'),
('160', '057', '028', '2020-02-01', '11:30:00', 'Neutral', 5, 4, '2020'),
('222', '057', '028', '2020-03-01', '12:00:00', 'Away', 2, 16, '2020'),
('078', '030', '028', '2020-03-06', '10:30:00', 'Neutral', 3, 0, '2020'),
('074', '030', '028', '2020-03-06', '13:00:00', 'Neutral', 0, 4, '2020'),
('074', '030', '028', '2020-03-07', '12:30:00', 'Neutral', 5, 0, '2020'),
('076', '030', '028', '2020-03-07', '19:30:00', 'Away', 5, 3, '2020'),
('052', '030', '028', '2020-03-08', '12:00:00', 'Neutral', 11, 3, '2020'),
('187', '083', '028', '2021-02-26', '16:15:00', 'Neutral', 1, 2, '2021'),
('187', '083', '028', '2021-02-26', '19:15:00', 'Neutral', 2, 1, '2021'),
('153', '083', '028', '2021-02-27', '10:20:00', 'Neutral', 5, 7, '2021'),
('153', '083', '028', '2021-02-27', '12:50:00', 'Neutral', 3, 2, '2021'),
('160', '083', '028', '2021-02-28', '9:20:00', 'Neutral', 0, 1, '2021'),
('160', '083', '028', '2021-02-28', '11:50:00', 'Neutral', 2, 1, '2021'),
('029', '083', '028', '2021-03-11', '10:20:00', 'Neutral', 4, 1, '2021'),
('029', '083', '028', '2021-03-11', '12:50:00', 'Neutral', 1, 2, '2021'),
('029', '083', '028', '2021-03-12', '11:20:00', 'Neutral', 8, 1, '2021'),
('143', '083', '028', '2021-03-13', '10:00:00', 'Neutral', 0, 1, '2021'),
('143', '083', '028', '2021-03-13', '12:30:00', 'Neutral', 3, 2, '2021'),
('143', '083', '028', '2021-03-14', '9:00:00', 'Neutral', 3, 4, '2021'),
('014', '056', '028', '2021-03-26', '15:00:00', 'Away', 0, 5, '2021'),
('014', '056', '028', '2021-03-27', '13:00:00', 'Away', 8, 2, '2021'),
('014', '056', '028', '2021-03-27', '15:30:00', 'Away', 3, 13, '2021'),
('014', '056', '028', '2021-03-28', '13:00:00', 'Away', 1, 9, '2021'),
('141', '007', '028', '2021-04-02', '17:00:00', 'Home', 0, 9, '2021'),
('141', '007', '028', '2021-04-03', '14:00:00', 'Home', 4, 3, '2021'),
('141', '007', '028', '2021-04-03', '16:30:00', 'Home', 3, 10, '2021'),
('141', '007', '028', '2021-04-04', '13:00:00', 'Home', 4, 9, '2021'),
('054', '007', '028', '2021-04-09', '15:00:00', 'Home', 0, 2, '2021'),
('054', '007', '028', '2021-04-09', '17:00:00', 'Home', 9, 1, '2021'),
('054', '007', '028', '2021-04-10', '14:00:00', 'Home', 6, 1, '2021'),
('054', '007', '028', '2021-04-10', '16:30:00', 'Home', 5, 4, '2021'),
('081', '062', '028', '2021-04-16', '19:30:00', 'Away', 2, 4, '2021'),
('081', '062', '028', '2021-04-17', '14:00:00', 'Away', 0, 2, '2021'),
('081', '062', '028', '2021-04-17', '16:00:00', 'Away', 1, 5, '2021'),
('081', '062', '028', '2021-04-18', '13:00:00', 'Away', 0, 8, '2021'),
('041', '007', '028', '2021-04-23', '16:00:00', 'Home', 1, 0, '2021'),
('041', '007', '028', '2021-04-23', '18:30:00', 'Home', 11, 1, '2021'),
('041', '007', '028', '2021-04-24', '13:00:00', 'Home', 0, 1, '2021'),
('041', '007', '028', '2021-04-25', '13:00:00', 'Home', 5, 4, '2021'),
('004', '081', '028', '2021-04-30', '16:00:00', 'Away', 1, 2, '2021'),
('004', '081', '028', '2021-04-30', '18:30:00', 'Away', 3, 4, '2021'),
('004', '081', '028', '2021-05-01', '16:00:00', 'Away', 4, 8, '2021'),
('004', '081', '028', '2021-05-02', '12:00:00', 'Away', 0, 8, '2021'),
('083', '054', '028', '2021-05-07', '13:00:00', 'Away', 1, 3, '2021'),
('083', '054', '028', '2021-05-07', '15:00:00', 'Away', 5, 0, '2021'),
('083', '054', '028', '2021-05-08', '11:00:00', 'Away', 6, 2, '2021'),
('083', '054', '028', '2021-05-09', '12:00:00', 'Away', 4, 1, '2021'),
('065', '007', '028', '2021-05-14', '17:00:00', 'Home', 0, 2, '2021'),
('065', '007', '028', '2021-05-15', '14:00:00', 'Home', 3, 1, '2021'),
('065', '007', '028', '2021-05-15', '16:30:00', 'Home', 5, 0, '2021'),
('065', '007', '028', '2021-05-16', '12:00:00', 'Home', 2, 3, '2021'),
('206', '030', '028', '2022-02-11', '12:30:00', 'Neutral', 1, 2, '2022'),
('223', '030', '028', '2022-02-11', '5:30:00', 'Away', 10, 2, '2022'),
('093', '030', '028', '2022-02-12', '10:00:00', 'Neutral', 5, 6, '2022'),
('093', '030', '028', '2022-02-12', '16:30:00', 'Neutral', 5, 3, '2022'),
('025', '042', '028', '2022-02-18', '13:30:00', 'Neutral', 0, 9, '2022'),
('135', '042', '028', '2022-02-18', '16:00:00', 'Neutral', 3, 8, '2022'),
('224', '042', '028', '2022-02-19', '11:00:00', 'Neutral', 0, 1, '2022'),
('214', '042', '028', '2022-02-19', '13:30:00', 'Neutral', 11, 3, '2022'),
('092', '042', '028', '2022-02-20', '11:30:00', 'Neutral', 1, 0, '2022'),
('116', '041', '028', '2022-02-25', '9:00:00', 'Neutral', 4, 5, '2022'),
('182', '041', '028', '2022-02-25', '14:00:00', 'Neutral', 14, 4, '2022'),
('225', '041', '028', '2022-02-26', '11:30:00', 'Neutral', 7, 3, '2022'),
('038', '041', '028', '2022-02-26', '14:00:00', 'Away', 5, 2, '2022'),
('137', '041', '028', '2022-02-27', '9:00:00', 'Neutral', 5, 2, '2022'),
('090', '084', '028', '2022-03-04', '11:00:00', 'Neutral', 2, 1, '2022'),
('019', '084', '028', '2022-03-04', '16:00:00', 'Away', 2, 5, '2022'),
('064', '084', '028', '2022-03-05', '11:00:00', 'Neutral', 2, 3, '2022'),
('090', '084', '028', '2022-03-05', '13:30:00', 'Neutral', 7, 8, '2022'),
('021', '022', '028', '2022-03-08', '17:30:00', 'Away', 2, 10, '2022'),
('226', '031', '028', '2022-03-11', '12:30:00', 'Neutral', 0, 6, '2022'),
('071', '031', '028', '2022-03-11', '17:30:00', 'Neutral', 12, 5, '2022'),
('015', '007', '028', '2022-03-16', '18:00:00', 'Home', 2, 6, '2022'),
('185', '007', '028', '2022-03-18', '16:15:00', 'Home', 2, 3, '2022'),
('182', '007', '028', '2022-03-18', '18:30:00', 'Home', 11, 4, '2022'),
('227', '007', '028', '2022-03-19', '14:15:00', 'Home', 7, 8, '2022'),
('097', '007', '028', '2022-03-19', '16:30:00', 'Home', 8, 0, '2022'),
('228', '007', '028', '2022-03-20', '10:00:00', 'Home', 5, 3, '2022'),
('041', '075', '028', '2022-03-24', '17:30:00', 'Away', 1, 2, '2022'),
('041', '075', '028', '2022-03-25', '18:00:00', 'Away', 8, 3, '2022'),
('041', '075', '028', '2022-03-26', '12:00:00', 'Away', 6, 4, '2022'),
('143', '007', '028', '2022-04-01', '18:00:00', 'Home', 8, 5, '2022'),
('143', '007', '028', '2022-04-02', '14:00:00', 'Home', 10, 2, '2022'),
('143', '007', '028', '2022-04-03', '12:00:00', 'Home', 6, 2, '2022'),
('070', '007', '028', '2022-04-06', '18:00:00', 'Home', 8, 0, '2022'),
('029', '085', '028', '2022-04-09', '13:00:00', 'Away', 2, 5, '2022'),
('029', '085', '028', '2022-04-09', '15:30:00', 'Away', 9, 0, '2022'),
('029', '085', '028', '2022-04-10', '12:00:00', 'Away', 2, 1, '2022'),
('081', '007', '028', '2022-04-14', '18:00:00', 'Home', 5, 1, '2022'),
('081', '007', '028', '2022-04-15', '18:00:00', 'Home', 3, 5, '2022'),
('081', '007', '028', '2022-04-16', '12:00:00', 'Home', 2, 9, '2022'),
('083', '007', '028', '2022-04-19', '16:00:00', 'Home', 10, 7, '2022'),
('083', '007', '028', '2022-04-19', '18:30:00', 'Home', 6, 1, '2022'),
('187', '063', '028', '2022-04-22', '15:00:00', 'Away', 1, 13, '2022'),
('187', '063', '028', '2022-04-23', '14:00:00', 'Away', 6, 1, '2022'),
('187', '063', '028', '2022-04-24', '13:00:00', 'Away', 4, 3, '2022'),
('054', '055', '028', '2022-04-29', '18:00:00', 'Away', 7, 2, '2022'),
('054', '055', '028', '2022-04-30', '13:00:00', 'Away', 8, 0, '2022'),
('054', '055', '028', '2022-05-01', '13:00:00', 'Away', 1, 2, '2022'),
('014', '007', '028', '2022-05-08', '11:30:00', 'Home', 0, 6, '2022'),
('014', '007', '028', '2022-05-08', '15:00:00', 'Home', 5, 8, '2022'),
('054', '055', '028', '2022-05-11', '19:00:00', 'Neutral', 7, 1, '2022'),
('081', '055', '028', '2022-05-12', '12:35:00', 'Neutral', 0, 7, '2022');

-- 1. What are the top five teams against whom Maryland Softball won the most matches in the given range of years? --
SELECT TOP 5 o.oppName AS 'Opponent', COUNT(*) as 'Maryland SoftBall Wins'
FROM [CurveBallConsultants.Match] m
JOIN [CurveBallConsultants.Opponent] o ON m.oppId = o.oppId
WHERE m.winLoss = 'W'
GROUP BY o.oppName
ORDER BY 'Maryland SoftBall Wins' DESC;

-- 2. What are the top five teams against whom Maryland Softball lost the most matches in the given range of years? --
SELECT TOP 5 o.oppName AS 'Opponent', COUNT(*) as 'Maryland SoftBall Losses'
FROM [CurveBallConsultants.Match] m
JOIN [CurveBallConsultants.Opponent] o ON m.oppId = o.oppId
WHERE m.winLoss = 'L'
GROUP BY o.oppName
ORDER BY 'Maryland SoftBall Losses' DESC;

-- 3. Which are the top 5 locations that have most matches in the given range of years? --
SELECT TOP 5 locCity AS 'City', locState AS 'State', COUNT(*) AS 'Matches Hosted'
FROM [CurveBallConsultants.Match] m
JOIN [CurveBallConsultants.Location] l ON m.locId = l.locId
WHERE m.ssnYear BETWEEN '1999' AND '2022'
GROUP BY l.locCity, l.locState
ORDER BY COUNT(*) DESC;

-- 4. What is Maryland's all-time win percentage for each opponent against whom more than 5 matches have been played?
SELECT o.oppName AS 'Opponent Name', CAST(COUNT(CASE WHEN m.winLoss = 'W' THEN 1 END) * 100.0 / COUNT(*) AS DECIMAL(6,2)) AS 'Win Percentage (%)'
FROM [CurveBallConsultants.Opponent] o
JOIN [CurveBallConsultants.Match] m ON o.oppId = m.oppId
GROUP BY o.oppName
HAVING COUNT(*) > 5
ORDER BY 'Win Percentage (%)' DESC, o.oppName DESC;

-- 5. What is Maryland's win percentage at home across all years?
SELECT m.ssnYear AS 'Season', CAST(COUNT(CASE WHEN m.winLoss = 'W' THEN 1 END) * 100.0 / COUNT(*) AS DECIMAL(6,2)) AS 'Win Percentage (%)'
FROM [CurveBallConsultants.Match] m
WHERE m.mchType = 'Home'
GROUP BY m.ssnYear;